SIMPLEREG,REGCODE,REGNAME,SBIO,SCNG,SCNL,SLVG,SLVL,SFDG,SFDL,QD,QSL,QSG,XCON,XFED,XFOD,CCRP,CNLD,CLVS,CNFD,CLND,CPFD,CNCP,CHA ,EFED,EFOD,ELN ,ENLN,ECRP,ESUB,ETRA,EYIC,EYIL,EYIP,EYIN,EYSC,EYSL,EYSP,EYSN,EPIC,EPIL,EPIP,EPIN,EPSC,EPSL,EPSP,EPSN,ECIC,ECIL,ECIP,ECSC,ECSL,ECSP,SDEV,MCAL,MIDX,MGPI,CALC,CALL,CALP,CACC,CACL,CACP
SIMPLE Regions,Region Code,Region Name,share of crops used in biofuels,Share of crops for direct consumption | global markets,Share of crops for direct consumption | local markets,Share of crops for livestock use| global markets,Share of crops for livestock use | local markets,Share of crops for processed food use| global markets,Share of crops for processed food use| local markets,Regional share of crop imports supplied to world market,Share of crops supplied to local markets ,Share of crops supplied to global markets ,Cropland cost share in crop production,Crop cost share in livestock production,Crop cost share in processed food production,"Emissions from Crop Output, MT CO2-eq.","Emissions from Nonland Inputs, MT CO2-eq.","Emissions from Livestock Output, MT CO2-eq.","Emissions from NonFeed Inputs, MT CO2-eq.","Emissions from Cropland Inputs, MT CO2-eq.","Emissions from Processed Food Output, MT CO2-eq.","Emissions from NonCrop Inputs, MT CO2-eq.",Carbon trade off: in MT CO2 eq per 1000 ha. of cropland,Elasticity of substitution in livestock production,Elasticity of substitution in processed food production,Supply price elasticity of cropland ,Supply price elasticity of nonland inputs,Elasticity of substitution in crop production,Elasticity of substitution between domestic and imported crops,Elasticity of transformation between domestic and imported crops,Income elasticity regression parm | crops | intercept,Income elasticity regression parm | livestock | intercept,Income elasticity regression parm | processed food | intercept,Income elasticity regression parm | nonfood | intercept,Income elasticity regression parm | crops | slope,Income elasticity regression parm | livestock | slope,Income elasticity regression parm | processed food | slope,Income elasticity regression parm | nonfood | slope,Price elasticity regression parm | crops | intercept,Price elasticity regression parm | livestock | intercept,Price elasticity regression parm | processed food | intercept,Price elasticity regression parm | nonfood | intercept,Price elasticity regression parm | crops | slope,Price elasticity regression parm | livestock | slope,Price elasticity regression parm | processed food | slope,Price elasticity regression parm | nonfood | slope,Caloric content regression parm | crops | intercept,Caloric content regression parm | livestock | intercept,Caloric content regression parm | processed food | intercept,Caloric content regression parm | crops | slope,Caloric content regression parm | livestock | slope,Caloric content regression parm | processed food | slope,Standard deviation of capita caloric consumption,Minimum caloric requirements (kcal per day),Caloric undernutrition index (% of total population),Caloric undernutrition gap index (% of minimum caloric requirement),Caloric content of crops (kcal per gram),Caloric content of livestock (kcal per gram),Caloric content of processed food (kcal per gram),Crop Consumption (in grams per cap per day),Livestock Consumption (in grams per cap per day),Processed Food Consumption  (in grams per cap per day)
C_Asia,AFG,Afghanistan,0.000838,0.706987,0.583195,0.155427,0.285826,0.137586,0.13098,0.001866,0.897114,0.102886,0.216156,0.142821,0.611793,442286.8438,1083010.5,10799.52148,14255357,429052.4375,8129.608887,31.379967,47.01958553,1.15999997,0,0.56,1.33899999,3,3,3,0.8815,1.0481,1.1982,1.24297,-0.0994,-0.0891,-0.1031,-0.0532,-0.7371,-0.8257,-1.1716,-1.1413,0.067,0.0508,0.0832,0.039,3.2861,0.0854,4.6185,-0.2101,0.1353,-0.1957,0.344118133,1656,22.70001356,3.861672279,1.947899904,1.007020856,5.042341494,914.0821918,185.0136986,60.79452055
E_Euro,ALB,Albania,0.000002,0.4766,0.660365,0.488628,0.325928,0.034772,0.013707,0.000266,0.918426,0.081574,0.104941,0.154313,0.361039,47788.40234,266721.2188,2269.709229,2983449.75,19079.99805,874.165039,794.677979,191.078585,1.15999997,0,0.56,1.33899999,3,3,3,0.8815,1.0481,1.1982,1.24297,-0.0994,-0.0891,-0.1031,-0.0532,-0.7371,-0.8257,-1.1716,-1.1413,0.067,0.0508,0.0832,0.039,3.2861,0.0854,4.6185,-0.2101,0.1353,-0.1957,0.300800455,1909,4.199990017,0.462449851,0.911155531,0.958031354,2.230902171,1944.630137,1092.164384,242.3287671
M_East,ARE,United Arab Emirates,0.000003,0.840992,0.977924,0.022694,0.002815,0.136314,0.019261,0.011906,0.511994,0.488006,0.081505,0.014466,0.064929,704.500061,83581,306.98999,2011440.375,0,1141.926514,16208.01953,15.72876961,1.15999997,0,0.11,1.33899999,3,3,3,0.8815,1.0481,1.1982,1.24297,-0.0994,-0.0891,-0.1031,-0.0532,-0.7371,-0.8257,-1.1716,-1.1413,0.067,0.0508,0.0832,0.039,3.2861,0.0854,4.6185,-0.2101,0.1353,-0.1957,0.244250088,2050,4.300003206,0.393161562,1.891732582,0.942922644,4.647097513,872.2465753,526.2191781,229.4246575
S_Amer,ARG,Argentina,0.004474,0.145282,0.21339,0.334154,0.215544,0.520564,0.571066,0.002862,0.44232,0.55768,0.206449,0.016266,0.108041,8089777,12546424,31663.90625,122677784,1679432.125,71073.57813,15649.06543,129.3176687,1.15999997,0,0.56,1.33899999,3,3,3,0.8815,1.0481,1.1982,1.24297,-0.0994,-0.0891,-0.1031,-0.0532,-0.7371,-0.8257,-1.1716,-1.1413,0.067,0.0508,0.0832,0.039,3.2861,0.0854,4.6185,-0.2101,0.1353,-0.1957,0.272206633,1867,3.299994387,0.321313294,1.387661153,1.119268933,2.666511656,948.4931507,862,343.0410959
E_Euro,ARM,Armenia,0.000002,0.573395,0.720605,0.299069,0.135404,0.127536,0.143991,0.000423,0.956169,0.043831,0.233023,0.051763,0.076885,28632.60352,500852,3561.753174,1346686.125,0,5084.262695,1766.836548,133.6821133,1.15999997,0,0.56,1.33899999,3,3,3,0.8815,1.0481,1.1982,1.24297,-0.0994,-0.0891,-0.1031,-0.0532,-0.7371,-0.8257,-1.1716,-1.1413,0.067,0.0508,0.0832,0.039,3.2861,0.0854,4.6185,-0.2101,0.1353,-0.1957,0.176520029,1868,0.099999583,0.004671478,1.003679199,1.112155642,2.956757452,1709.452055,897.9452055,189.1780822
AUS_NZ,AUS,Australia,0.033264,0.713318,0.465891,0.081659,0.191776,0.205023,0.342333,0.003553,0.518364,0.481636,0.085778,0.023112,0.108694,3778128.5,11551112,35461.16797,152929984,1038138,37586.83203,13865.00586,156.1310413,1.15999997,0,0.56,1.33899999,3,3,3,0.8815,1.0481,1.1982,1.24297,-0.0994,-0.0891,-0.1031,-0.0532,-0.7371,-0.8257,-1.1716,-1.1413,0.067,0.0508,0.0832,0.039,3.2861,0.0854,4.6185,-0.2101,0.1353,-0.1957,0.188233148,1912,0.100000762,0.004966947,1.02298661,1.053870994,1.792739963,1122.054795,1052.027397,683.4520548
EU,AUT,Austria,0.022732,0.495049,0.425604,0.1596,0.283941,0.345351,0.290455,0.005993,0.659243,0.340757,0.205852,0.033253,0.10481,283159.125,776610.625,7289.779785,6807247,14866.5,16394.05078,8017.763184,258.6009794,1.15999997,0,0.11,1.33899999,3,3,3,0.8815,1.0481,1.1982,1.24297,-0.0994,-0.0891,-0.1031,-0.0532,-0.7371,-0.8257,-1.1716,-1.1413,0.067,0.0508,0.0832,0.039,3.2861,0.0854,4.6185,-0.2101,0.1353,-0.1957,0.204049112,1945,0.100000636,0.005363087,1.070340795,1.316747751,2.081937857,1241.342466,885.2876712,593.9178082
E_Euro,AZE,Azerbaijan,0.000002,0.72905,0.970954,0.127421,0.014037,0.143529,0.015009,0.001144,0.743946,0.256054,0.172419,0.034336,0.111487,218440.1094,444048.3125,1193.457153,6664178.5,40006.40234,1519.724731,1219.19873,88.57685244,1.15999997,0,0.56,1.33899999,3,3,3,0.8815,1.0481,1.1982,1.24297,-0.0994,-0.0891,-0.1031,-0.0532,-0.7371,-0.8257,-1.1716,-1.1413,0.067,0.0508,0.0832,0.039,3.2861,0.0854,4.6185,-0.2101,0.1353,-0.1957,0.160930595,1854,0.099999775,0.004275614,1.339597905,1.052263671,1.928579463,1440.219178,544.1643836,304.0273973
EU,BEL,Belgium,0.022732,0.323983,0.589362,0.179774,0.199254,0.496243,0.211384,0.023959,0.135152,0.864848,0.11202,0.014589,0.144165,197750.1094,1102425.25,10903.83789,8533572,26685.50195,33093.89844,16276.89063,253.9202376,1.15999997,0,0.11,1.33899999,3,3,3,0.8815,1.0481,1.1982,1.24297,-0.0994,-0.0891,-0.1031,-0.0532,-0.7371,-0.8257,-1.1716,-1.1413,0.067,0.0508,0.0832,0.039,3.2861,0.0854,4.6185,-0.2101,0.1353,-0.1957,0.208076,1947,0.100000831,0.005463462,0.905156136,1.301646899,2.278680808,1451.369863,957.6438356,537.3150685
SSA,BEN,Benin,0.000685,0.583959,0.767083,0.034211,0.016993,0.38183,0.215925,0.000059,0.823191,0.176809,0.250191,0.002286,0.265529,243709.625,1239.212646,163.742889,4971152.5,61910.80859,812.934631,38.437084,593.2241509,1.15999997,0,0.56,1.33899999,3,3,3,0.8815,1.0481,1.1982,1.24297,-0.0994,-0.0891,-0.1031,-0.0532,-0.7371,-0.8257,-1.1716,-1.1413,0.067,0.0508,0.0832,0.039,3.2861,0.0854,4.6185,-0.2101,0.1353,-0.1957,0.29277135,1717,9.500011741,1.161670193,1.413044995,0.990044678,1.268626863,1514.657534,138.4383562,278.3013699
SSA,BFA,Burkina Faso,0.000685,0.515618,0.811135,0.118487,0.042243,0.365895,0.146622,0.00015,0.787058,0.212942,0.284983,0.013343,0.191282,398282.5,321817.3125,1269.800415,21810336,1151903.25,3082.360352,22.844732,114.4962521,1.15999997,0,0.56,1.33899999,3,3,3,0.8815,1.0481,1.1982,1.24297,-0.0994,-0.0891,-0.1031,-0.0532,-0.7371,-0.8257,-1.1716,-1.1413,0.067,0.0508,0.0832,0.039,3.2861,0.0854,4.6185,-0.2101,0.1353,-0.1957,0.336800567,1721,13.70001032,2.033926308,2.679355824,1.154649126,0.852330875,775.5068493,126.9589041,479.0958904
S_Asia,BGD,Bangladesh,0.000652,0.368848,0.268366,0.240933,0.386689,0.390219,0.344945,0.011256,0.988912,0.011088,0.174777,0.038419,0.257671,4260926,8871522,318.911957,44865976,32994512,3662.938721,9610.396484,621.4647289,1.15999997,0,0.28,1.33899999,3,3,3,0.8815,1.0481,1.1982,1.24297,-0.0994,-0.0891,-0.1031,-0.0532,-0.7371,-0.8257,-1.1716,-1.1413,0.067,0.0508,0.0832,0.039,3.2861,0.0854,4.6185,-0.2101,0.1353,-0.1957,0.274163846,1775,13.59999491,1.682296171,1.904328709,0.848947912,5.266540486,1108.356164,154.739726,47.20547945
EU,BGR,Bulgaria,0.022732,0.281657,0.457798,0.306769,0.178348,0.411574,0.363854,0.001674,0.405779,0.594221,0.234373,0.052517,0.126503,623844.375,2122319.5,55429.4375,2482153.75,274218.5313,140823.3438,2328.472412,200.622687,1.15999997,0,0.11,1.33899999,3,3,3,0.8815,1.0481,1.1982,1.24297,-0.0994,-0.0891,-0.1031,-0.0532,-0.7371,-0.8257,-1.1716,-1.1413,0.067,0.0508,0.0832,0.039,3.2861,0.0854,4.6185,-0.2101,0.1353,-0.1957,0.196323007,1911,3.100000763,0.221390728,1.428108247,0.995693469,1.79348411,981.8356164,702.5205479,395.1232877
M_East,BHR,Bahrain,0.000003,0.845261,0.932237,0.044734,0.018881,0.110005,0.048881,0.000858,0.821979,0.178021,0.079775,0.021464,0.044561,0,9805,69.053284,69734.73438,0,157.270493,1076.009521,33.91666667,1.15999997,0,0.11,1.33899999,3,3,3,0.8815,1.0481,1.1982,1.24297,-0.0994,-0.0891,-0.1031,-0.0532,-0.7371,-0.8257,-1.1716,-1.1413,0.067,0.0508,0.0832,0.039,3.2861,0.0854,4.6185,-0.2101,0.1353,-0.1957,0.244250088,2050,4.300003206,0.393161562,1.891732582,0.942922644,4.647097513,872.2465753,526.2191781,229.4246575
E_Euro,BLR,Belarus,0.000002,0.725718,0.567704,0.218974,0.397767,0.055308,0.03453,0.003099,0.920097,0.079903,0.064026,0.081051,0.270757,470750.2188,3154847,29137.33203,13535462,7326323,6785.008301,1628.910034,256.6510849,1.15999997,0,0.56,1.33899999,3,3,3,0.8815,1.0481,1.1982,1.24297,-0.0994,-0.0891,-0.1031,-0.0532,-0.7371,-0.8257,-1.1716,-1.1413,0.067,0.0508,0.0832,0.039,3.2861,0.0854,4.6185,-0.2101,0.1353,-0.1957,0.169638189,1888,0.100000391,0.004497144,0.938716643,1.571013609,2.123643545,1488.136986,529.5616438,473.9178082
S_Amer,BOL,Bolivia,0.004474,0.562394,0.396049,0.343275,0.257326,0.094331,0.346624,0.000296,0.879028,0.120972,0.177119,0.034918,0.257624,424331.9375,129286.3281,5627.919434,27710898,338735.625,9490.311523,852.461182,352.7156512,1.15999997,0,0.56,1.33899999,3,3,3,0.8815,1.0481,1.1982,1.24297,-0.0994,-0.0891,-0.1031,-0.0532,-0.7371,-0.8257,-1.1716,-1.1413,0.067,0.0508,0.0832,0.039,3.2861,0.0854,4.6185,-0.2101,0.1353,-0.1957,0.249854176,1756,14.19999125,1.631486054,1.403841907,1.348088135,1.312551935,990.9589041,385.260274,348.3561644
BRA,BRA,Brazil,0.086276,0.194452,0.176652,0.297026,0.269536,0.508521,0.553811,0.007407,0.681568,0.318432,0.072084,0.04251,0.27814,15050534,46671024,346658.5313,482000992,3650473,736060.5625,18609.29883,364.6616003,1.15999997,0,0.56,1.33899999,3,3,3,0.8815,1.0481,1.1982,1.24297,-0.0994,-0.0891,-0.1031,-0.0532,-0.7371,-0.8257,-1.1716,-1.1413,0.067,0.0508,0.0832,0.039,3.2861,0.0854,4.6185,-0.2101,0.1353,-0.1957,0.171614166,1887,0.099999788,0.004547245,1.358498105,1.151534181,2.862144785,1041.671233,729.260274,349.260274
S_Afr,BWA,Botswana,0.000685,0.425269,0.921932,0.101827,0.049676,0.472904,0.028391,0.000286,0.981663,0.018337,0.19706,0.005446,0.13094,7621.400391,31494.48633,173.360977,6726791.5,23532.00195,256.190643,241.936279,117.1305912,1.15999997,0,0.28,1.33899999,3,3,3,0.8815,1.0481,1.1982,1.24297,-0.0994,-0.0891,-0.1031,-0.0532,-0.7371,-0.8257,-1.1716,-1.1413,0.067,0.0508,0.0832,0.039,3.2861,0.0854,4.6185,-0.2101,0.1353,-0.1957,0.348823592,1814,26.2999968,4.713330035,1.720678627,0.66827594,1.274683834,794.7671233,498.0547945,552.8219178
SSA,CAF,Central African Republic,0.000685,0.359537,0.915647,0.422816,0.077144,0.217647,0.007209,0.000013,0.993244,0.006756,0.27823,0.023398,0.31252,22505.60156,959.29834,531.28833,17972866,15497.00098,3053.939453,0.165715,298.0537571,1.15999997,0,0.56,1.33899999,3,3,3,0.8815,1.0481,1.1982,1.24297,-0.0994,-0.0891,-0.1031,-0.0532,-0.7371,-0.8257,-1.1716,-1.1413,0.067,0.0508,0.0832,0.039,3.2861,0.0854,4.6185,-0.2101,0.1353,-0.1957,0.341315739,1665,46.69999312,10.09249131,1.221434647,1.474268932,3.424649332,1026.082192,167.8630137,91.89041096
CAN,CAN,Canada,0.04651,0.455647,0.342968,0.278719,0.298434,0.265633,0.358598,0.024305,0.35956,0.64044,0.022467,0.066053,0.098891,4309371,16483214,44743.07422,34914644,6472810.5,78338.57813,33238.54297,111.8886029,1.15999997,0,0.28,1.33899999,3,3,3,0.8815,1.0481,1.1982,1.24297,-0.0994,-0.0891,-0.1031,-0.0532,-0.7371,-0.8257,-1.1716,-1.1413,0.067,0.0508,0.0832,0.039,3.2861,0.0854,4.6185,-0.2101,0.1353,-0.1957,0.197252115,1920,0.100000814,0.005193234,1.091722516,1.041650707,2.356653263,1349.863014,832.630137,534.8493151
EU,CHE,Switzerland,0.022732,0.495018,0.582172,0.186512,0.140445,0.31847,0.277382,0.008451,0.975203,0.024797,0.236436,0.055893,0.075338,61841.50391,300806.375,3372.580078,5504182,89543.51563,14224.19727,4610.273926,261.4308606,1.15999997,0,0.11,1.33899999,3,3,3,0.8815,1.0481,1.1982,1.24297,-0.0994,-0.0891,-0.1031,-0.0532,-0.7371,-0.8257,-1.1716,-1.1413,0.067,0.0508,0.0832,0.039,3.2861,0.0854,4.6185,-0.2101,0.1353,-0.1957,0.171430975,1962,0.100000486,0.004542633,0.916750622,0.964901131,2.535735673,1287.123288,1110.246575,445.8630137
S_Amer,CHL,Chile,0.004474,0.204543,0.52832,0.192927,0.293906,0.60253,0.177774,0.002386,0.443885,0.556115,0.178288,0.014575,0.087107,208493.5938,1467245,10881.19531,8471485,229819.9063,35787.87109,6205.099609,272.345019,1.15999997,0,0.56,1.33899999,3,3,3,0.8815,1.0481,1.1982,1.24297,-0.0994,-0.0891,-0.1031,-0.0532,-0.7371,-0.8257,-1.1716,-1.1413,0.067,0.0508,0.0832,0.039,3.2861,0.0854,4.6185,-0.2101,0.1353,-0.1957,0.234315022,1880,2.999993527,0.251443836,1.464217103,1.265457456,2.238715508,1018.739726,575.8356164,349.3424658
CHINA,CHN,China,0.004871,0.335095,0.383441,0.166635,0.201767,0.498271,0.414792,0.137459,0.980867,0.019133,0.218173,0.046677,0.254675,39866864,185714624,356353.25,335317696,151695280,1488592.125,540615,244.8592694,1.15999997,0,0.28,1.33899999,3,3,3,0.8815,1.0481,1.1982,1.24297,-0.0994,-0.0891,-0.1031,-0.0532,-0.7371,-0.8257,-1.1716,-1.1413,0.067,0.0508,0.0832,0.039,3.2861,0.0854,4.6185,-0.2101,0.1353,-0.1957,0.169244367,1875,0.100000927,0.004487173,1.061129905,1.3211264,2.337345614,2104.547945,456.109589,159.6438356
SSA,CIV,Cote d'Ivoire,0.000685,0.797278,0.803485,0.007874,0.011048,0.194848,0.185468,0.000553,0.492945,0.507055,0.294942,0.006615,0.109613,310504.25,540913.625,2726.502686,5071772,761656.3125,8915.103516,1099.792969,642.7653503,1.15999997,0,0.56,1.33899999,3,3,3,0.8815,1.0481,1.1982,1.24297,-0.0994,-0.0891,-0.1031,-0.0532,-0.7371,-0.8257,-1.1716,-1.1413,0.067,0.0508,0.0832,0.039,3.2861,0.0854,4.6185,-0.2101,0.1353,-0.1957,0.326688347,1728,9.799996813,1.327803127,1.360084275,0.987228922,3.461697298,1690.60274,123.7808219,103.7808219
SSA,CMR,Cameroon,0.000685,0.400238,0.801877,0.163025,0.084214,0.436737,0.113909,0.000433,0.88827,0.11173,0.265446,0.069702,0.369399,377442.5313,689055.4375,322.600647,11962655,445777.1563,1330.94812,38.661896,363.8143031,1.15999997,0,0.56,1.33899999,3,3,3,0.8815,1.0481,1.1982,1.24297,-0.0994,-0.0891,-0.1031,-0.0532,-0.7371,-0.8257,-1.1716,-1.1413,0.067,0.0508,0.0832,0.039,3.2861,0.0854,4.6185,-0.2101,0.1353,-0.1957,0.267150961,1735,5.600011685,0.577666356,1.377095413,1.018657154,1.687097922,1596.438356,128.630137,248.7123288
SSA,COD,Congo the Democratic Republic of the,0.000685,0.50714,0.644137,0.043347,0.216403,0.449513,0.13946,0.000161,0.995262,0.004738,0.196287,0.016585,0.46999,716691.875,88674.10938,8583.404297,26160704,1000981.438,26769.87695,14.704041,543.6701753,1.15999997,0,0.56,1.33899999,3,3,3,0.8815,1.0481,1.1982,1.24297,-0.0994,-0.0891,-0.1031,-0.0532,-0.7371,-0.8257,-1.1716,-1.1413,0.067,0.0508,0.0832,0.039,3.2861,0.0854,4.6185,-0.2101,0.1353,-0.1957,0.390639683,1658,31.2000006,6.469577662,1.279959523,1.07672194,3.111103041,1534.90411,26.82191781,55.80821918
SSA,COG,Congo,0.000685,0.430894,0.903167,0.480765,0.067577,0.088341,0.029256,0.000178,0.987623,0.012377,0.152609,0.081222,0.585222,4718.800293,40139.90234,27.074644,2915207.25,109787.9063,256.531525,247.482498,508.8287919,1.15999997,0,0.56,1.33899999,3,3,3,0.8815,1.0481,1.1982,1.24297,-0.0994,-0.0891,-0.1031,-0.0532,-0.7371,-0.8257,-1.1716,-1.1413,0.067,0.0508,0.0832,0.039,3.2861,0.0854,4.6185,-0.2101,0.1353,-0.1957,0.302648743,1733,30.20001182,5.001662377,1.244892674,1.071849502,2.212830027,1169.780822,220,194.5479452
S_Amer,COL,Colombia,0.004474,0.219526,0.604323,0.197222,0.179194,0.583252,0.216483,0.005157,0.657855,0.342145,0.205923,0.005103,0.207074,390030.7188,3373344,19302.61523,55184972,3482762.25,39246.60547,21523.62695,603.6953119,1.15999997,0,0.56,1.33899999,3,3,3,0.8815,1.0481,1.1982,1.24297,-0.0994,-0.0891,-0.1031,-0.0532,-0.7371,-0.8257,-1.1716,-1.1413,0.067,0.0508,0.0832,0.039,3.2861,0.0854,4.6185,-0.2101,0.1353,-0.1957,0.279458208,1823,4.300009832,0.444495347,1.267827537,1.090512576,2.877614099,1046.027397,536.2465753,400.2739726
SSA,COM,Comoros,0.000685,0.824162,0.876518,0.117538,0.062651,0.058299,0.060831,0.000004,0.615469,0.384531,0.287546,0.015712,0.135219,5293.400391,6.109975,480.780487,110248.1641,184945.6094,112.04908,1.517861,333.8548321,1.15999997,0,0.56,1.33899999,3,3,3,0.8815,1.0481,1.1982,1.24297,-0.0994,-0.0891,-0.1031,-0.0532,-0.7371,-0.8257,-1.1716,-1.1413,0.067,0.0508,0.0832,0.039,3.2861,0.0854,4.6185,-0.2101,0.1353,-0.1957,0.271118609,1738,11.59999117,1.375388923,1.659986597,1.029822393,5.270194943,1134.30137,172.6027397,82.05479452
CC_Amer,CRI,Costa Rica,0.008658,0.233373,0.391344,0.239469,0.21432,0.527159,0.394336,0.001444,0.44328,0.55672,0.161178,0.008224,0.305604,18231.60156,604847.375,5393.967285,3700293,32779.10156,11639.72559,754.688416,566.5876589,1.15999997,0,0.28,1.33899999,3,3,3,0.8815,1.0481,1.1982,1.24297,-0.0994,-0.0891,-0.1031,-0.0532,-0.7371,-0.8257,-1.1716,-1.1413,0.067,0.0508,0.0832,0.039,3.2861,0.0854,4.6185,-0.2101,0.1353,-0.1957,0.237192305,1879,3.200012829,0.273536577,1.126879837,1.09586002,4.079227101,1091.39726,648.6575342,259.369863
EU,CYP,Cyprus,0.022732,0.460623,0.338951,0.25635,0.413082,0.283027,0.247967,0.000496,0.806527,0.193473,0.107745,0.069471,0.118257,3867.200439,59507.71875,1647.675537,357550.4063,0,7896.535156,5285.749023,280.8371411,1.15999997,0,0.11,1.33899999,3,3,3,0.8815,1.0481,1.1982,1.24297,-0.0994,-0.0891,-0.1031,-0.0532,-0.7371,-0.8257,-1.1716,-1.1413,0.067,0.0508,0.0832,0.039,3.2861,0.0854,4.6185,-0.2101,0.1353,-0.1957,0.133770645,1945,0.09999963,0.003578442,1.457982079,1.055163056,2.084302126,1030.712329,630.4657534,383.3972603
EU,CZE,Czech Republic,0.022732,0.367824,0.520445,0.276034,0.196687,0.356142,0.282868,0.003877,0.631006,0.368994,0.22246,0.010189,0.142514,486190.4375,2330877.75,4341.804688,4221010.5,37391.50391,11354.2002,5210.734863,258.7241576,1.15999997,0,0.11,1.33899999,3,3,3,0.8815,1.0481,1.1982,1.24297,-0.0994,-0.0891,-0.1031,-0.0532,-0.7371,-0.8257,-1.1716,-1.1413,0.067,0.0508,0.0832,0.039,3.2861,0.0854,4.6185,-0.2101,0.1353,-0.1957,0.166143851,1939,0.100000546,0.00440838,1.0548005,1.228515734,1.81651008,1052.520548,757.9178082,684.7123288
EU,DEU,Germany,0.022732,0.479992,0.539765,0.100234,0.174443,0.419774,0.285792,0.065741,0.585107,0.414893,0.13236,0.0157,0.13262,2764215.25,10668395,86003.28906,49476912,3012016.75,169732.0938,22206.85938,255.4561834,1.15999997,0,0.11,1.33899999,3,3,3,0.8815,1.0481,1.1982,1.24297,-0.0994,-0.0891,-0.1031,-0.0532,-0.7371,-0.8257,-1.1716,-1.1413,0.067,0.0508,0.0832,0.039,3.2861,0.0854,4.6185,-0.2101,0.1353,-0.1957,0.191587818,1949,0.099999786,0.005051182,1.071393678,1.361170768,2.174982955,1239.753425,811.6712329,531.2054795
EU,DNK,Denmark,0.022732,0.692971,0.334538,0.126762,0.330553,0.180266,0.33491,0.003972,0.674808,0.325192,0.045167,0.023334,0.086308,629797.4375,1615194,17990.10156,8695469,378738.0313,23728.0957,6712.933594,256.9636001,1.15999997,0,0.11,1.33899999,3,3,3,0.8815,1.0481,1.1982,1.24297,-0.0994,-0.0891,-0.1031,-0.0532,-0.7371,-0.8257,-1.1716,-1.1413,0.067,0.0508,0.0832,0.039,3.2861,0.0854,4.6185,-0.2101,0.1353,-0.1957,0.173824469,1950,0.099999413,0.004603241,0.995974827,1.048392338,1.960362146,1309.890411,1169.178082,437.2328767
CC_Amer,DOM,Dominican Republic,0.008658,0.392949,0.301151,0.152422,0.200761,0.454628,0.498088,0.001584,0.933711,0.066289,0.205142,0.224573,0.360054,76605.90625,622379.75,4956.849121,7662194,1339864.5,10379.98926,1380.917969,512.4157721,1.15999997,0,0.28,1.33899999,3,3,3,0.8815,1.0481,1.1982,1.24297,-0.0994,-0.0891,-0.1031,-0.0532,-0.7371,-0.8257,-1.1716,-1.1413,0.067,0.0508,0.0832,0.039,3.2861,0.0854,4.6185,-0.2101,0.1353,-0.1957,0.273968881,1847,6.000010419,0.639977846,0.961486605,0.981902685,3.183354281,1576.356164,494.9863014,293.5068493
N_Afr,DZA,Algeria,0.000003,0.438594,0.883464,0.387532,0.108763,0.173874,0.007773,0.008316,0.992902,0.007098,0.077568,0.14901,0.269693,402628.625,472662.6563,461.98288,11727120,1332.800171,4107.734863,1806.950684,154.8749492,1.15999997,0,0.11,1.33899999,3,3,3,0.8815,1.0481,1.1982,1.24297,-0.0994,-0.0891,-0.1031,-0.0532,-0.7371,-0.8257,-1.1716,-1.1413,0.067,0.0508,0.0832,0.039,3.2861,0.0854,4.6185,-0.2101,0.1353,-0.1957,0.309659742,1785,2.600002914,0.276085641,1.325158256,0.811528081,5.274218098,1592.712329,529.9452055,166.3561644
S_Amer,ECU,Ecuador,0.004474,0.247894,0.105361,0.485371,0.339071,0.266736,0.555568,0.001303,0.282561,0.717439,0.200999,0.06708,0.097507,211064.5156,1446603.875,5078.632324,10025766,2108622.5,15936.93164,3653.886475,491.1400912,1.15999997,0,0.56,1.33899999,3,3,3,0.8815,1.0481,1.1982,1.24297,-0.0994,-0.0891,-0.1031,-0.0532,-0.7371,-0.8257,-1.1716,-1.1413,0.067,0.0508,0.0832,0.039,3.2861,0.0854,4.6185,-0.2101,0.1353,-0.1957,0.261458974,1783,10.7999919,1.222425272,1.690196721,1.139296494,2.003607,744.3835616,471.3972603,376.5479452
N_Afr,EGY,Egypt,0.000003,0.097053,0.3097,0.016098,0.293401,0.886849,0.396899,0.014581,0.819244,0.180756,0.621218,0.151922,0.216437,1412931.75,11888644,6182.557617,17406474,4309553,20189.00977,9122.314453,53.29221964,1.15999997,0,0.11,1.33899999,3,3,3,0.8815,1.0481,1.1982,1.24297,-0.0994,-0.0891,-0.1031,-0.0532,-0.7371,-0.8257,-1.1716,-1.1413,0.067,0.0508,0.0832,0.039,3.2861,0.0854,4.6185,-0.2101,0.1353,-0.1957,0.328230394,1807,6.400001555,0.810518121,1.54026065,1.051788016,4.465658879,1588.821918,290.1643836,87.42465753
EU,ESP,Spain,0.022732,0.48385,0.312771,0.118902,0.195757,0.397248,0.491472,0.024443,0.470922,0.529078,0.122474,0.018274,0.105963,1117384.875,6707728,300494.0938,33360796,1577549.25,705725.0625,32676.73242,155.7301155,1.15999997,0,0.11,1.33899999,3,3,3,0.8815,1.0481,1.1982,1.24297,-0.0994,-0.0891,-0.1031,-0.0532,-0.7371,-0.8257,-1.1716,-1.1413,0.067,0.0508,0.0832,0.039,3.2861,0.0854,4.6185,-0.2101,0.1353,-0.1957,0.172340607,1921,0.100000162,0.00456568,1.006484883,0.970584009,2.700021271,1241.260274,894.8493151,445.6164384
EU,EST,Estonia,0.022732,0.726023,0.260106,0.151643,0.511659,0.122334,0.228235,0.001328,0.45804,0.54196,0.232754,0.025853,0.191966,88898.90625,230585.2344,71328.40625,1028740.313,837426.5,76785.73438,426.860962,264.669785,1.15999997,0,0.11,1.33899999,3,3,3,0.8815,1.0481,1.1982,1.24297,-0.0994,-0.0891,-0.1031,-0.0532,-0.7371,-0.8257,-1.1716,-1.1413,0.067,0.0508,0.0832,0.039,3.2861,0.0854,4.6185,-0.2101,0.1353,-0.1957,0.149208527,1946,0.100000312,0.003975917,1.012007891,0.994777874,1.562166493,1272.30137,1050.958904,504.0821918
SSA,ETH,Ethiopia,0.000685,0.943176,0.948197,0.003766,0.00644,0.053058,0.045364,0.001568,0.850541,0.14946,0.298451,0.014269,0.04949,1703976.875,2889296.75,2673.726074,110889048,454895.0313,16708.46289,5.702927,154.3312518,1.15999997,0,0.56,1.33899999,3,3,3,0.8815,1.0481,1.1982,1.24297,-0.0994,-0.0891,-0.1031,-0.0532,-0.7371,-0.8257,-1.1716,-1.1413,0.067,0.0508,0.0832,0.039,3.2861,0.0854,4.6185,-0.2101,0.1353,-0.1957,0.300775807,1730,15.49996843,2.140516061,2.6948898,1.01015026,2.479274009,798.630137,99.42465753,82.19178082
EU,FIN,Finland,0.022732,0.751539,0.613818,0.084453,0.200551,0.164008,0.185631,0.002191,0.88533,0.11467,0.352065,0.010725,0.069345,212918.8906,981553.0625,63732.45313,3450238.5,2165421,79554.67188,2224.202637,126.6387248,1.15999997,0,0.11,1.33899999,3,3,3,0.8815,1.0481,1.1982,1.24297,-0.0994,-0.0891,-0.1031,-0.0532,-0.7371,-0.8257,-1.1716,-1.1413,0.067,0.0508,0.0832,0.039,3.2861,0.0854,4.6185,-0.2101,0.1353,-0.1957,0.164418741,1951,0.09999994,0.004364469,1.090608076,0.923087233,1.630599435,1207.534247,1348.739726,444.6027397
EU,FRA,France,0.022732,0.620152,0.611341,0.126416,0.173039,0.253432,0.215619,0.027144,0.739302,0.260698,0.135337,0.021662,0.093581,4197677,14566040,246262.5469,59791280,1134767.875,459661.6563,26316.60156,253.0272886,1.15999997,0,0.11,1.33899999,3,3,3,0.8815,1.0481,1.1982,1.24297,-0.0994,-0.0891,-0.1031,-0.0532,-0.7371,-0.8257,-1.1716,-1.1413,0.067,0.0508,0.0832,0.039,3.2861,0.0854,4.6185,-0.2101,0.1353,-0.1957,0.199090073,1914,0.100000854,0.005239226,1.119649104,1.246814878,2.524298983,1287.315068,956.8767123,387.260274
SSA,GAB,Gabon,0.000685,0.670797,0.874289,0.213412,0.05823,0.11579,0.067481,0.000097,0.998424,0.001576,0.31897,0.027813,0.086455,5858.400391,42838.32031,6101.273926,478562.9375,24825.19922,24137.65234,4.183713,531.5041211,1.15999997,0,0.56,1.33899999,3,3,3,0.8815,1.0481,1.1982,1.24297,-0.0994,-0.0891,-0.1031,-0.0532,-0.7371,-0.8257,-1.1716,-1.1413,0.067,0.0508,0.0832,0.039,3.2861,0.0854,4.6185,-0.2101,0.1353,-0.1957,0.332303583,1778,18.39999286,2.882278595,1.193165997,1.099298205,1.424343445,1430.90411,378.1643836,288.630137
EU,GBR,United Kingdom,0.022732,0.712206,0.646968,0.083409,0.101706,0.204384,0.251326,0.03034,0.854972,0.145028,0.179861,0.027174,0.050353,1505914.125,6950192,37244.67188,45251056,481849.5313,92388.09375,80534.6875,253.108583,1.15999997,0,0.11,1.33899999,3,3,3,0.8815,1.0481,1.1982,1.24297,-0.0994,-0.0891,-0.1031,-0.0532,-0.7371,-0.8257,-1.1716,-1.1413,0.067,0.0508,0.0832,0.039,3.2861,0.0854,4.6185,-0.2101,0.1353,-0.1957,0.177158338,1911,0.100000071,0.004687645,1.0297363,0.992929119,2.199199545,1426.547945,916.3835616,444.3561644
E_Euro,GEO,Georgia,0.000002,0.52413,0.653738,0.183243,0.149141,0.292627,0.197121,0.000642,0.811472,0.188528,0.164407,0.030252,0.112576,29722.70313,104234.9609,3932.906006,1983874,0,5793.491211,745.798706,217.7042288,1.15999997,0,0.56,1.33899999,3,3,3,0.8815,1.0481,1.1982,1.24297,-0.0994,-0.0891,-0.1031,-0.0532,-0.7371,-0.8257,-1.1716,-1.1413,0.067,0.0508,0.0832,0.039,3.2861,0.0854,4.6185,-0.2101,0.1353,-0.1957,0.260161082,1889,3.700002181,0.35100875,1.704215591,1.105964845,2.975296203,1003.150685,598.1643836,248.4109589
SSA,GHA,Ghana,0.000685,0.70548,0.866987,0.033156,0.002826,0.261364,0.130187,0.000576,0.85679,0.14321,0.246277,0.020425,0.214175,311949.0313,462175.5625,4180.635742,6715723,488773.125,12079.43848,4.390577,532.5338455,1.15999997,0,0.56,1.33899999,3,3,3,0.8815,1.0481,1.1982,1.24297,-0.0994,-0.0891,-0.1031,-0.0532,-0.7371,-0.8257,-1.1716,-1.1413,0.067,0.0508,0.0832,0.039,3.2861,0.0854,4.6185,-0.2101,0.1353,-0.1957,0.302833384,1772,7.60001446,0.921292799,1.142230841,1.013638653,2.962802036,2134.164384,134.7671233,97.34246575
SSA,GIN,Guinea,0.000685,0.407095,0.921472,0.203323,0.035959,0.389583,0.04257,0.000214,0.723438,0.276562,0.26599,0.036354,0.123348,476056.5313,72133.75,1226.376831,11082001,5615604.5,1894.577148,5.636984,485.7294628,1.15999997,0,0.56,1.33899999,3,3,3,0.8815,1.0481,1.1982,1.24297,-0.0994,-0.0891,-0.1031,-0.0532,-0.7371,-0.8257,-1.1716,-1.1413,0.067,0.0508,0.0832,0.039,3.2861,0.0854,4.6185,-0.2101,0.1353,-0.1957,0.350972533,1722,13.29999897,2.033880445,1.444683549,1.102442443,5.590733823,1390.438356,133.1232877,98.46575342
SSA,GNQ,Equatorial Guinea,0.000685,0.642805,0.878226,0.282143,0.082991,0.075052,0.038784,0.000011,0.983984,0.016016,0.174997,0.002113,0.050892,0,1.274582,42.191704,22150.17578,0,21.898983,1.170648,663.5090774,1.15999997,0,0.56,1.33899999,3,3,3,0.8815,1.0481,1.1982,1.24297,-0.0994,-0.0891,-0.1031,-0.0532,-0.7371,-0.8257,-1.1716,-1.1413,0.067,0.0508,0.0832,0.039,3.2861,0.0854,4.6185,-0.2101,0.1353,-0.1957,0.326688347,1728,9.799996813,1.327803127,1.360084275,0.987228922,3.461697298,1690.60274,123.7808219,103.7808219
EU,GRC,Greece,0.022732,0.442298,0.463681,0.234529,0.202619,0.323172,0.333699,0.003065,0.893286,0.106714,0.117384,0.068907,0.283754,230703.3125,1352079.375,2086.227295,6029962,642191.875,7086.952637,13342.78027,189.0707015,1.15999997,0,0.11,1.33899999,3,3,3,0.8815,1.0481,1.1982,1.24297,-0.0994,-0.0891,-0.1031,-0.0532,-0.7371,-0.8257,-1.1716,-1.1413,0.067,0.0508,0.0832,0.039,3.2861,0.0854,4.6185,-0.2101,0.1353,-0.1957,0.175610446,1931,0.10000008,0.00464849,1.073726217,0.814624679,3.271529877,1418.246575,974.7123288,323.1780822
CC_Amer,GTM,Guatemala,0.008658,0.502969,0.41052,0.086968,0.118663,0.410063,0.470817,0.001381,0.655397,0.344603,0.178303,0.009494,0.222982,224988.1094,1414561.625,3042.931641,9465857,8388.800781,7953.169922,11.936776,555.7211202,1.15999997,0,0.28,1.33899999,3,3,3,0.8815,1.0481,1.1982,1.24297,-0.0994,-0.0891,-0.1031,-0.0532,-0.7371,-0.8257,-1.1716,-1.1413,0.067,0.0508,0.0832,0.039,3.2861,0.0854,4.6185,-0.2101,0.1353,-0.1957,0.335608159,1703,14.40000281,2.153598061,1.95949663,1.151636265,3.573196685,797.5616438,273.4520548,194.739726
CHINA,HKG,Hong Kong,0.004871,0.970393,0.936853,0.016143,0.025838,0.013464,0.037309,0.00672,0.994224,0.005776,0.361705,0.003071,0.00549,0,1.839833,443.460999,45798.99609,0,2092.62085,155.113251,244.8592694,1.15999997,0,0.28,1.33899999,3,3,3,0.8815,1.0481,1.1982,1.24297,-0.0994,-0.0891,-0.1031,-0.0532,-0.7371,-0.8257,-1.1716,-1.1413,0.067,0.0508,0.0832,0.039,3.2861,0.0854,4.6185,-0.2101,0.1353,-0.1957,0.160485445,1880,0.100000004,0.004264275,1.220853996,1.192973983,2.012773625,1100.767123,1005.205479,290.1369863
CC_Amer,HND,Honduras,0.008658,0.340635,0.33579,0.239535,0.244949,0.419831,0.419261,0.00074,0.354114,0.645886,0.171906,0.014697,0.138145,89255.60156,618145.1875,12016.98047,6341663,11765.60156,31908.35352,11.161321,580.4387786,1.15999997,0,0.28,1.33899999,3,3,3,0.8815,1.0481,1.1982,1.24297,-0.0994,-0.0891,-0.1031,-0.0532,-0.7371,-0.8257,-1.1716,-1.1413,0.067,0.0508,0.0832,0.039,3.2861,0.0854,4.6185,-0.2101,0.1353,-0.1957,0.312706304,1773,14.30000442,2.00794614,1.946758514,1.089415458,3.328417455,695.1506849,276.4657534,283.8356164
E_Euro,HRV,Croatia,0.000002,0.39228,0.59689,0.23969,0.211826,0.36803,0.191284,0.001118,0.761508,0.238492,0.149568,0.034261,0.109432,171643.3125,648486.5,1202.478149,2037738.25,1802.000122,2709.038818,6890.503418,262.9092114,1.15999997,0,0.56,1.33899999,3,3,3,0.8815,1.0481,1.1982,1.24297,-0.0994,-0.0891,-0.1031,-0.0532,-0.7371,-0.8257,-1.1716,-1.1413,0.067,0.0508,0.0832,0.039,3.2861,0.0854,4.6185,-0.2101,0.1353,-0.1957,0.153778057,1914,0.099999794,0.004092944,0.867967691,0.978898512,1.82919267,1536.849315,934.9589041,473.3424658
EU,HUN,Hungary,0.022732,0.437789,0.460028,0.231484,0.295187,0.330727,0.244785,0.002255,0.540868,0.459132,0.248272,0.031996,0.14912,852929.9375,2452613.75,3911.209961,3645899.75,998732.625,7368.516113,11644.44434,197.2840699,1.15999997,0,0.11,1.33899999,3,3,3,0.8815,1.0481,1.1982,1.24297,-0.0994,-0.0891,-0.1031,-0.0532,-0.7371,-0.8257,-1.1716,-1.1413,0.067,0.0508,0.0832,0.039,3.2861,0.0854,4.6185,-0.2101,0.1353,-0.1957,0.161770609,1935,0.099999609,0.004297017,1.26589391,1.293514325,2.274345625,936.8767123,784.7945205,453.260274
SE_Asia,IDN,Indonesia,0.001296,0.226793,0.229867,0.160295,0.180959,0.612913,0.589173,0.016793,0.972562,0.027438,0.281698,0.007476,0.436706,5648054,21267382,63727.44141,58354268,73563432,432932.625,4817.305664,785.7078553,1.15999997,0,0.28,1.33899999,3,3,3,0.8815,1.0481,1.1982,1.24297,-0.0994,-0.0891,-0.1031,-0.0532,-0.7371,-0.8257,-1.1716,-1.1413,0.067,0.0508,0.0832,0.039,3.2861,0.0854,4.6185,-0.2101,0.1353,-0.1957,0.288656137,1784,6.000009766,0.670809661,1.645317325,0.959440249,5.181500129,1313.369863,235.6438356,101.5890411
S_Asia,IND,India,0.000652,0.708437,0.643367,0.155264,0.120085,0.136299,0.236548,0.025486,0.969241,0.030759,0.227095,0.056095,0.465367,26971282,118279016,155195.9688,497900000,129571464,505318.1563,3922.685547,324.7750221,1.15999997,0,0.28,1.33899999,3,3,3,0.8815,1.0481,1.1982,1.24297,-0.0994,-0.0891,-0.1031,-0.0532,-0.7371,-0.8257,-1.1716,-1.1413,0.067,0.0508,0.0832,0.039,3.2861,0.0854,4.6185,-0.2101,0.1353,-0.1957,0.268169741,1788,12.89999567,1.547426954,1.596020963,1.241165404,5.106681881,1103.260274,230.9315068,90.63013699
EU,IRL,Ireland,0.022732,0.274385,0.51109,0.472294,0.410881,0.253321,0.078029,0.002743,0.804342,0.195658,0.100992,0.033673,0.065875,143961.2031,2460705.5,12672.8584,23901574,142623,15791.48145,4389.324707,257.1426545,1.15999997,0,0.11,1.33899999,3,3,3,0.8815,1.0481,1.1982,1.24297,-0.0994,-0.0891,-0.1031,-0.0532,-0.7371,-0.8257,-1.1716,-1.1413,0.067,0.0508,0.0832,0.039,3.2861,0.0854,4.6185,-0.2101,0.1353,-0.1957,0.222249823,1906,0.100000414,0.005815099,1.015691236,0.942807243,1.619182806,1543.972603,1251.917808,700.4109589
M_East,IRN,Iran Islamic Republic of,0.000003,0.400549,0.733955,0.285399,0.176684,0.314052,0.089361,0.010459,0.911389,0.088611,0.076508,0.085224,0.225272,1563490.875,5082961,9630.238281,24095706,2442541,14319.66895,233278.5781,77.70476339,1.15999997,0,0.11,1.33899999,3,3,3,0.8815,1.0481,1.1982,1.24297,-0.0994,-0.0891,-0.1031,-0.0532,-0.7371,-0.8257,-1.1716,-1.1413,0.067,0.0508,0.0832,0.039,3.2861,0.0854,4.6185,-0.2101,0.1353,-0.1957,0.283843613,1836,7.20000195,0.816348315,1.409704101,1.527468015,4.640460214,1396.30137,223.1780822,125.9726027
M_East,IRQ,Iraq,0.000003,0.086521,0.025385,0.232666,0.270453,0.680813,0.704162,0.005068,0.990872,0.009128,0.057909,0.158121,0.454609,294772.2188,1371647.625,184.212494,5508067,425577.625,326.50766,638567.4375,58.52968794,1.15999997,0,0.11,1.33899999,3,3,3,0.8815,1.0481,1.1982,1.24297,-0.0994,-0.0891,-0.1031,-0.0532,-0.7371,-0.8257,-1.1716,-1.1413,0.067,0.0508,0.0832,0.039,3.2861,0.0854,4.6185,-0.2101,0.1353,-0.1957,0.356672211,1758,17.49999569,2.879059894,1.701155793,1.075336903,4.655496422,1053.534247,252.630137,118.3013699
M_East,ISR,Israel,0.000003,0.328034,0.798894,0.205748,0.068662,0.466218,0.132444,0.004064,0.703911,0.296089,0.059111,0.02687,0.107857,15869.80078,304881.8438,2259.873535,1232396.375,0,4182.562012,25068.33594,126.0973667,1.15999997,0,0.11,1.33899999,3,3,3,0.8815,1.0481,1.1982,1.24297,-0.0994,-0.0891,-0.1031,-0.0532,-0.7371,-0.8257,-1.1716,-1.1413,0.067,0.0508,0.0832,0.039,3.2861,0.0854,4.6185,-0.2101,0.1353,-0.1957,0.219800368,1777,0.100000481,0.005754508,1.245938798,1.002375372,4.424394515,1367.972603,876.5479452,227.7260274
EU,ITA,Italy,0.022732,0.296545,0.587956,0.181668,0.209485,0.521787,0.202558,0.024581,0.772536,0.227464,0.166412,0.025198,0.119976,1085920,4021160.75,68870.99219,25856126,3431787.75,157144.9375,25712.21289,251.5583777,1.15999997,0,0.11,1.33899999,3,3,3,0.8815,1.0481,1.1982,1.24297,-0.0994,-0.0891,-0.1031,-0.0532,-0.7371,-0.8257,-1.1716,-1.1413,0.067,0.0508,0.0832,0.039,3.2861,0.0854,4.6185,-0.2101,0.1353,-0.1957,0.191175586,1934,0.099999081,0.005040794,1.162298312,1.010742052,3.305568744,1352.986301,877.8356164,331.6164384
CC_Amer,JAM,Jamaica,0.008658,0.698035,0.869765,0.081712,0.077551,0.220253,0.052685,0.000344,0.956109,0.043891,0.084885,0.007242,0.066326,1758.800171,21063.58398,702.60083,575794.3125,7449.300293,1914.765137,121.142197,563.471884,1.15999997,0,0.28,1.33899999,3,3,3,0.8815,1.0481,1.1982,1.24297,-0.0994,-0.0891,-0.1031,-0.0532,-0.7371,-0.8257,-1.1716,-1.1413,0.067,0.0508,0.0832,0.039,3.2861,0.0854,4.6185,-0.2101,0.1353,-0.1957,0.249160696,1911,7.300009423,0.737441846,1.120053434,0.824202074,2.841134158,1221.671233,680.6027397,317.6438356
M_East,JOR,Jordan,0.000003,0.753918,0.760724,0.123496,0.140731,0.122586,0.098545,0.00258,0.742122,0.257878,0.043473,0.020519,0.080633,7735.100586,126894.4219,14164.97559,1116441.75,0,26305.83008,49237.46875,98.30084967,1.15999997,0,0.11,1.33899999,3,3,3,0.8815,1.0481,1.1982,1.24297,-0.0994,-0.0891,-0.1031,-0.0532,-0.7371,-0.8257,-1.1716,-1.1413,0.067,0.0508,0.0832,0.039,3.2861,0.0854,4.6185,-0.2101,0.1353,-0.1957,0.124462175,1813,0.099999743,0.003337295,1.48259092,0.753868699,4.435138793,1013.041096,419.2328767,195.2876712
JPN_KR,JPN,Japan,0.00059,0.238477,0.443001,0.196535,0.153063,0.564988,0.403936,0.041093,0.990069,0.009931,0.145999,0.025063,0.137937,781655.1875,2722513,146101.7344,10660353,9837383,709152.4375,19179.37305,306.2864756,1.15999997,0,0.11,1.33899999,3,3,3,0.8815,1.0481,1.1982,1.24297,-0.0994,-0.0891,-0.1031,-0.0532,-0.7371,-0.8257,-1.1716,-1.1413,0.067,0.0508,0.0832,0.039,3.2861,0.0854,4.6185,-0.2101,0.1353,-0.1957,0.116593267,1857,0.100000733,0.00313258,1.415289728,1.059266148,3.215544483,980.9863014,503.890411,235.890411
E_Euro,KAZ,Kazakhstan,0.000002,0.398567,0.904787,0.506228,0.070778,0.095205,0.024435,0.002156,0.742925,0.257075,0.17631,0.039794,0.089083,1997595.875,631276.625,3649.66626,20502154,643134.875,3244.508057,1501.433228,27.48797908,1.15999997,0,0.56,1.33899999,3,3,3,0.8815,1.0481,1.1982,1.24297,-0.0994,-0.0891,-0.1031,-0.0532,-0.7371,-0.8257,-1.1716,-1.1413,0.067,0.0508,0.0832,0.039,3.2861,0.0854,4.6185,-0.2101,0.1353,-0.1957,0.182032914,1822,0.099999159,0.004810708,0.990484249,0.975131152,3.408578475,1474.986301,960.7945205,250.3561644
SSA,KEN,Kenya,0.000685,0.563879,0.933335,0.013307,0.005425,0.422814,0.061241,0.003222,0.730163,0.269837,0.209064,0.005028,0.025042,503620.2813,940591.125,5151.670898,42620960,68391.71094,27337.00781,17.042704,162.9953334,1.15999997,0,0.56,1.33899999,3,3,3,0.8815,1.0481,1.1982,1.24297,-0.0994,-0.0891,-0.1031,-0.0532,-0.7371,-0.8257,-1.1716,-1.1413,0.067,0.0508,0.0832,0.039,3.2861,0.0854,4.6185,-0.2101,0.1353,-0.1957,0.268498562,1737,22.80000024,3.131946014,1.714837458,0.964309626,2.848403968,914.3287671,277.1506849,128
C_Asia,KGZ,Kyrgyztan,0.000838,0.580504,0.812021,0.190276,0.123572,0.22922,0.064407,0.000292,0.896671,0.103329,0.196344,0.057806,0.255606,139365.2031,94017.32813,125466.3438,5176375,65875.60156,96418.70313,195.575882,46.88305477,1.15999997,0,0.56,1.33899999,3,3,3,0.8815,1.0481,1.1982,1.24297,-0.0994,-0.0891,-0.1031,-0.0532,-0.7371,-0.8257,-1.1716,-1.1413,0.067,0.0508,0.0832,0.039,3.2861,0.0854,4.6185,-0.2101,0.1353,-0.1957,0.238066513,1796,5.099977675,0.466950796,1.232596257,0.964351507,2.27776872,1392.438356,651.1506849,168.0273973
SE_Asia,KHM,Cambodia,0.001296,0.514679,0.407495,0.2315,0.271046,0.253822,0.321459,0.000074,0.927653,0.072347,0.210203,0.049863,0.590133,928896.3125,695182.75,4242.188477,8752302,12987453,17135.08789,4.447893,421.4533272,1.15999997,0,0.28,1.33899999,3,3,3,0.8815,1.0481,1.1982,1.24297,-0.0994,-0.0891,-0.1031,-0.0532,-0.7371,-0.8257,-1.1716,-1.1413,0.067,0.0508,0.0832,0.039,3.2861,0.0854,4.6185,-0.2101,0.1353,-0.1957,0.245813116,1773,5.799985697,0.557666535,1.679794921,1.155584679,2.158046191,1228.657534,180.2739726,193.2328767
JPN_KR,KOR,Korea,0.00059,0.31243,0.462053,0.049272,0.243756,0.638298,0.294191,0.017529,0.971874,0.028126,0.453721,0.011363,0.177239,345499.25,1550650,34708.43359,8681929,4437712,96940.20313,5898.782227,282.7055657,1.15999997,0,0.11,1.33899999,3,3,3,0.8815,1.0481,1.1982,1.24297,-0.0994,-0.0891,-0.1031,-0.0532,-0.7371,-0.8257,-1.1716,-1.1413,0.067,0.0508,0.0832,0.039,3.2861,0.0854,4.6185,-0.2101,0.1353,-0.1957,0.176812163,1897,0.099998516,0.004678813,1.213378266,1.080243279,2.856867503,1298.90411,585.5890411,391.7260274
M_East,KWT,Kuwait,0.000003,0.844493,0.991037,0.046405,0.00281,0.109102,0.006153,0.002065,0.669758,0.330242,0.073541,0.022825,0.075025,675.200073,17479.35742,177.238434,481906.375,0,593.629333,1856.744385,3.666666667,1.15999997,0,0.11,1.33899999,3,3,3,0.8815,1.0481,1.1982,1.24297,-0.0994,-0.0891,-0.1031,-0.0532,-0.7371,-0.8257,-1.1716,-1.1413,0.067,0.0508,0.0832,0.039,3.2861,0.0854,4.6185,-0.2101,0.1353,-0.1957,0.179697384,1914,0.100000966,0.004751853,1.203650712,0.547272469,4.51392506,1577.863014,1156.027397,189.9726027
SE_Asia,LAO,Lao People's Democratic Republic,0.001296,0.47154,0.827024,0.485644,0.136301,0.042816,0.036675,0.000079,0.9426,0.0574,0.277076,0.265182,0.591836,374188.75,161785.375,733.96106,7245905,2630339.5,7125.398438,3.05736,492.3015322,1.15999997,0,0.28,1.33899999,3,3,3,0.8815,1.0481,1.1982,1.24297,-0.0994,-0.0891,-0.1031,-0.0532,-0.7371,-0.8257,-1.1716,-1.1413,0.067,0.0508,0.0832,0.039,3.2861,0.0854,4.6185,-0.2101,0.1353,-0.1957,0.236066479,1814,5.599995493,0.516063707,1.090934353,1.416683127,1.704616205,2012.164384,179.1232877,155.7534247
M_East,LBN,Lebanon,0.000003,0.350767,0.738194,0.149646,0.127345,0.499588,0.13446,0.002457,0.833493,0.166507,0.06126,0.065255,0.270452,18489.50195,144704.2813,643.93927,649103.0625,0,1852.512573,7488.424805,59.45424645,1.15999997,0,0.11,1.33899999,3,3,3,0.8815,1.0481,1.1982,1.24297,-0.0994,-0.0891,-0.1031,-0.0532,-0.7371,-0.8257,-1.1716,-1.1413,0.067,0.0508,0.0832,0.039,3.2861,0.0854,4.6185,-0.2101,0.1353,-0.1957,0.175598455,1835,0.09999977,0.004648171,1.348553273,1.075612938,3.34656278,1348.821918,423.2054795,278.5205479
S_Asia,LKA,Sri Lanka,0.000652,0.493781,0.590882,0.056034,0.087619,0.450184,0.321499,0.002248,0.711844,0.288156,0.224744,0.000919,0.156559,229284.7031,1758268.625,5589.922852,2006115.375,2400339.5,39583.97266,205.208435,632.9273466,1.15999997,0,0.28,1.33899999,3,3,3,0.8815,1.0481,1.1982,1.24297,-0.0994,-0.0891,-0.1031,-0.0532,-0.7371,-0.8257,-1.1716,-1.1413,0.067,0.0508,0.0832,0.039,3.2861,0.0854,4.6185,-0.2101,0.1353,-0.1957,0.230523297,1783,7.600014035,0.720082822,1.658769243,0.803526411,3.269350654,1206.90411,255.5890411,104.0273973
EU,LTU,Lithuania,0.022732,0.605402,0.475078,0.0898,0.321321,0.304798,0.2036,0.001659,0.332049,0.667951,0.208721,0.021718,0.109772,343091.5938,965173.1875,1960.172852,2779976.25,1595167.5,3506.718262,656.759705,263.2880396,1.15999997,0,0.11,1.33899999,3,3,3,0.8815,1.0481,1.1982,1.24297,-0.0994,-0.0891,-0.1031,-0.0532,-0.7371,-0.8257,-1.1716,-1.1413,0.067,0.0508,0.0832,0.039,3.2861,0.0854,4.6185,-0.2101,0.1353,-0.1957,0.17485893,1895,0.099999911,0.00462946,1.390344944,1.417465892,1.379682772,1074.493151,688.9041096,603.5342466
EU,LUX,Luxembourg,0.022732,0.233216,0.679602,0.203767,0.142976,0.563017,0.177422,0.000627,0.58333,0.41667,0.22457,0.020877,0.101556,8278,84111.26563,536.170898,611039,583,1227.492554,212.028503,253.9734608,1.15999997,0,0.11,1.33899999,3,3,3,0.8815,1.0481,1.1982,1.24297,-0.0994,-0.0891,-0.1031,-0.0532,-0.7371,-0.8257,-1.1716,-1.1413,0.067,0.0508,0.0832,0.039,3.2861,0.0854,4.6185,-0.2101,0.1353,-0.1957,0.169167001,1983,0.099999814,0.004485156,0.932818325,1.172997807,0.979262574,1463.753425,971.9178082,906.2191781
EU,LVA,Latvia,0.022732,0.549877,0.675407,0.064321,0.163108,0.385802,0.161485,0.001438,0.221777,0.778223,0.240618,0.021726,0.119635,192729.5156,463371.3438,2411.86499,1649118,780186.5,4862.658691,272.021088,263.8129282,1.15999997,0,0.11,1.33899999,3,3,3,0.8815,1.0481,1.1982,1.24297,-0.0994,-0.0891,-0.1031,-0.0532,-0.7371,-0.8257,-1.1716,-1.1413,0.067,0.0508,0.0832,0.039,3.2861,0.0854,4.6185,-0.2101,0.1353,-0.1957,0.167754909,1886,0.099999044,0.004449256,1.051847646,1.166881972,1.702628033,1332.90411,862.7671233,471.8356164
N_Afr,MAR,Morocco,0.000003,0.798862,0.666548,0.04654,0.066755,0.154598,0.266697,0.005744,0.745681,0.254319,0.081854,0.029256,0.147673,852110.0625,2489843,974.772827,12917089,62820.80859,2528.927002,5305.606445,154.0479783,1.15999997,0,0.11,1.33899999,3,3,3,0.8815,1.0481,1.1982,1.24297,-0.0994,-0.0891,-0.1031,-0.0532,-0.7371,-0.8257,-1.1716,-1.1413,0.067,0.0508,0.0832,0.039,3.2861,0.0854,4.6185,-0.2101,0.1353,-0.1957,0.313493655,1838,3.599996189,0.40286433,1.641931348,1.327058721,4.71096888,1451.945205,266.1643836,139.2876712
SSA,MDG,Madagascar,0.000685,0.19108,0.301643,0.216092,0.236244,0.592829,0.462114,0.000028,0.59713,0.40287,0.306625,0.076789,0.231765,298093.8125,315815.25,380.150818,15992251,3756187.75,8320.045898,5.578188,454.4267326,1.15999997,0,0.56,1.33899999,3,3,3,0.8815,1.0481,1.1982,1.24297,-0.0994,-0.0891,-0.1031,-0.0532,-0.7371,-0.8257,-1.1716,-1.1413,0.067,0.0508,0.0832,0.039,3.2861,0.0854,4.6185,-0.2101,0.1353,-0.1957,0.308971338,1690,42.80000317,8.197212481,1.418729209,0.887205927,3.070656474,1152,102.3561644,48.73972603
CC_Amer,MEX,Mexico,0.008658,0.246823,0.366803,0.300397,0.338712,0.45278,0.294485,0.019186,0.444694,0.555306,0.217272,0.036848,0.136387,2675869.75,11908729,60005.91797,88132136,133590.8125,121769.0625,27516.49609,355.6605312,1.15999997,0,0.28,1.33899999,3,3,3,0.8815,1.0481,1.1982,1.24297,-0.0994,-0.0891,-0.1031,-0.0532,-0.7371,-0.8257,-1.1716,-1.1413,0.067,0.0508,0.0832,0.039,3.2861,0.0854,4.6185,-0.2101,0.1353,-0.1957,0.29033674,1841,3.799991847,0.399735485,1.582279558,1.092089985,2.542818518,1050.191781,612.0821918,347.7260274
SSA,MLI,Mali,0.000685,0.532438,0.723892,0.244802,0.173936,0.222761,0.102172,0.000241,0.954767,0.045234,0.249291,0.053078,0.625641,740215.25,804802.1875,7375.397461,28331446,1505033.875,22982.07422,0.766447,104.7744365,1.15999997,0,0.56,1.33899999,3,3,3,0.8815,1.0481,1.1982,1.24297,-0.0994,-0.0891,-0.1031,-0.0532,-0.7371,-0.8257,-1.1716,-1.1413,0.067,0.0508,0.0832,0.039,3.2861,0.0854,4.6185,-0.2101,0.1353,-0.1957,0.261891303,1654,3.900009852,0.374915575,1.70623178,1.03807876,2.076178372,1280.547945,215.0958904,148.109589
C_Asia,MNG,Mongolia,0.000838,0.578566,0.308889,0.226843,0.559353,0.194591,0.131758,0.00022,0.39239,0.60761,0.113336,0.060872,0.091905,31886.60352,205678.4844,382.112793,29065276,558593.4375,162.34053,1.887488,41.32928545,1.15999997,0,0.56,1.33899999,3,3,3,0.8815,1.0481,1.1982,1.24297,-0.0994,-0.0891,-0.1031,-0.0532,-0.7371,-0.8257,-1.1716,-1.1413,0.067,0.0508,0.0832,0.039,3.2861,0.0854,4.6185,-0.2101,0.1353,-0.1957,0.247046374,1793,5.899989016,0.571398578,1.671912506,1.315384798,1.496808066,656.109589,880.6849315,310.3287671
SSA,MOZ,Mozambique,0.000685,0.30536,0.972813,0.092756,0.012978,0.601883,0.014208,0.000567,0.873271,0.126729,0.101035,0.03447,0.149006,350127.0313,125109.9688,946.304749,4211710,637000.0625,11544.64551,5350.969727,289.0910451,1.15999997,0,0.56,1.33899999,3,3,3,0.8815,1.0481,1.1982,1.24297,-0.0994,-0.0891,-0.1031,-0.0532,-0.7371,-0.8257,-1.1716,-1.1413,0.067,0.0508,0.0832,0.039,3.2861,0.0854,4.6185,-0.2101,0.1353,-0.1957,0.317002313,1683,35.50000847,6.460476383,1.646969317,1.185352129,3.853487484,921.2328767,90.19178082,95.23287671
S_Afr,MUS,Mauritius,0.000685,0.452044,0.144984,0.087869,0.065007,0.460086,0.790009,0.000488,0.985752,0.014248,0.064956,0.118772,0.342405,3259.000732,47820.42969,114.424232,86472.32031,277.200043,999.109863,0.85049,454.4267326,1.15999997,0,0.28,1.33899999,3,3,3,0.8815,1.0481,1.1982,1.24297,-0.0994,-0.0891,-0.1031,-0.0532,-0.7371,-0.8257,-1.1716,-1.1413,0.067,0.0508,0.0832,0.039,3.2861,0.0854,4.6185,-0.2101,0.1353,-0.1957,0.274676932,1878,6.199993535,0.666262463,1.524313215,0.798566869,3.222021814,1041.452055,625.5068493,275.7808219
SSA,MWI,Malawi,0.000685,0.187116,0.886566,0.287341,0.066714,0.525543,0.046721,0.000286,0.964815,0.035185,0.075934,0.173323,0.383146,410305.5313,494192.8125,983.549072,4952518,160610.6094,9179.988281,1787.046997,333.8548321,1.15999997,0,0.56,1.33899999,3,3,3,0.8815,1.0481,1.1982,1.24297,-0.0994,-0.0891,-0.1031,-0.0532,-0.7371,-0.8257,-1.1716,-1.1413,0.067,0.0508,0.0832,0.039,3.2861,0.0854,4.6185,-0.2101,0.1353,-0.1957,0.357276682,1684,15.09999074,2.407737915,1.312910655,1.369702377,2.457776782,1645.780822,135.0684932,101.5890411
SE_Asia,MYS,Malaysia,0.001296,0.472867,0.043195,0.122905,0.094807,0.404227,0.861997,0.010138,0.967823,0.032177,0.240241,0.014826,0.306742,207934.5938,4275775,4335.978516,3601563.75,4631223,60588.64063,16.064363,738.5595663,1.15999997,0,0.28,1.33899999,3,3,3,0.8815,1.0481,1.1982,1.24297,-0.0994,-0.0891,-0.1031,-0.0532,-0.7371,-0.8257,-1.1716,-1.1413,0.067,0.0508,0.0832,0.039,3.2861,0.0854,4.6185,-0.2101,0.1353,-0.1957,0.228752279,1839,5.200014802,0.460318849,1.451203621,0.171499202,4.31696846,895.1780822,3022.219178,213.2876712
S_Afr,NAM,Namibia,0.000685,0.549272,0.774444,0.052593,0.031364,0.398136,0.194192,0.000282,0.729836,0.270164,0.186486,0.001945,0.037532,12809.60156,106681.2344,355.731201,4991183,0,1182.031372,2223.571289,55.59680245,1.15999997,0,0.28,1.33899999,3,3,3,0.8815,1.0481,1.1982,1.24297,-0.0994,-0.0891,-0.1031,-0.0532,-0.7371,-0.8257,-1.1716,-1.1413,0.067,0.0508,0.0832,0.039,3.2861,0.0854,4.6185,-0.2101,0.1353,-0.1957,0.323425696,1789,18.90000648,2.910814576,1.425953353,1.02888172,1.753047955,1067.369863,331.2054795,367.4794521
SSA,NER,Niger,0.000685,0.795873,0.913846,0.137754,0.033242,0.066373,0.052912,0.000084,0.973076,0.026924,0.284549,0.084379,0.344667,535209.6875,35761.81641,6615.183105,29288510,65315.61328,13929.97754,0.681287,41.01205021,1.15999997,0,0.56,1.33899999,3,3,3,0.8815,1.0481,1.1982,1.24297,-0.0994,-0.0891,-0.1031,-0.0532,-0.7371,-0.8257,-1.1716,-1.1413,0.067,0.0508,0.0832,0.039,3.2861,0.0854,4.6185,-0.2101,0.1353,-0.1957,0.313542881,1675,10.89999589,1.452824586,1.971521218,1.016733115,5.745278656,1161.369863,153.369863,24.93150685
SSA,NGA,Nigeria,0.000685,0.987799,0.964449,0.000776,0.000368,0.011425,0.035183,0.003347,0.959674,0.040326,0.323475,0.000099,0.062799,3113283,3164249.25,214580.6094,59397524,17251380,61060.63672,32.532658,331.8858043,1.15999997,0,0.56,1.33899999,3,3,3,0.8815,1.0481,1.1982,1.24297,-0.0994,-0.0891,-0.1031,-0.0532,-0.7371,-0.8257,-1.1716,-1.1413,0.067,0.0508,0.0832,0.039,3.2861,0.0854,4.6185,-0.2101,0.1353,-0.1957,0.286319996,1697,10.10001581,1.224445282,1.364747655,1.104021521,3.666722805,1512.191781,76.02739726,109.0684932
CC_Amer,NIC,Nicaragua,0.008658,0.399871,0.385392,0.330135,0.268987,0.269995,0.345621,0.000486,0.488189,0.511811,0.179001,0.023834,0.173271,103697.9141,520175.125,2003.916748,10826484,54055.10938,2937.422119,6.164531,544.731036,1.15999997,0,0.28,1.33899999,3,3,3,0.8815,1.0481,1.1982,1.24297,-0.0994,-0.0891,-0.1031,-0.0532,-0.7371,-0.8257,-1.1716,-1.1413,0.067,0.0508,0.0832,0.039,3.2861,0.0854,4.6185,-0.2101,0.1353,-0.1957,0.340079947,1775,17.59998891,2.78327174,1.863978844,0.988101121,2.966825806,832.6575342,307.8082192,244.2739726
EU,NLD,Netherlands,0.022732,0.22807,0.353915,0.195254,0.30453,0.576675,0.341555,0.02973,0.058842,0.941158,0.110267,0.00816,0.137517,143232.8125,1339558.25,35698.47656,18577546,543992,72279.5,6501.407715,257.5768706,1.15999997,0,0.11,1.33899999,3,3,3,0.8815,1.0481,1.1982,1.24297,-0.0994,-0.0891,-0.1031,-0.0532,-0.7371,-0.8257,-1.1716,-1.1413,0.067,0.0508,0.0832,0.039,3.2861,0.0854,4.6185,-0.2101,0.1353,-0.1957,0.208076,1947,0.100000831,0.005463462,0.921344097,1.128753306,2.705527362,1632.246575,1097.671233,385.0410959
EU,NOR,Norway,0.022732,0.96142,0.515776,0.007923,0.21546,0.030656,0.268765,0.003242,0.996808,0.003192,0.189218,0.003782,0.044531,83141.90625,595051.375,5503.104492,4348615,339677.0313,32371.17578,3618.35791,152.4778152,1.15999997,0,0.11,1.33899999,3,3,3,0.8815,1.0481,1.1982,1.24297,-0.0994,-0.0891,-0.1031,-0.0532,-0.7371,-0.8257,-1.1716,-1.1413,0.067,0.0508,0.0832,0.039,3.2861,0.0854,4.6185,-0.2101,0.1353,-0.1957,0.178080444,1952,0.099999927,0.004710949,1.040785894,1.153429247,1.696570306,1376.356164,880.1643836,583.9726027
S_Asia,NPL,Nepal,0.000652,0.638821,0.828963,0.13787,0.145109,0.223309,0.025929,0.001275,0.987544,0.012456,0.223533,0.070032,0.577866,848887,701657.875,2038.185181,20870458,4698210,7064.554199,139.091324,405.4540075,1.15999997,0,0.28,1.33899999,3,3,3,0.8815,1.0481,1.1982,1.24297,-0.0994,-0.0891,-0.1031,-0.0532,-0.7371,-0.8257,-1.1716,-1.1413,0.067,0.0508,0.0832,0.039,3.2861,0.0854,4.6185,-0.2101,0.1353,-0.1957,0.268344773,1741,4.799992692,0.485845198,1.369058795,1.498422932,4.998332081,1609.452055,158.3561644,76.10958904
AUS_NZ,NZL,New Zealand,0.033264,0.411253,0.508864,0.337942,0.241827,0.250805,0.249309,0.00137,0.338666,0.661334,0.06342,0.008824,0.036261,57761.50391,3471492.75,30287.99609,41544996,45818.5,20339.375,7271.212891,121.868486,1.15999997,0,0.56,1.33899999,3,3,3,0.8815,1.0481,1.1982,1.24297,-0.0994,-0.0891,-0.1031,-0.0532,-0.7371,-0.8257,-1.1716,-1.1413,0.067,0.0508,0.0832,0.039,3.2861,0.0854,4.6185,-0.2101,0.1353,-0.1957,0.160735231,1910,0.100000232,0.004270654,1.149809598,1.215660105,2.316888563,1227.205479,720.2739726,385.369863
M_East,OMN,Oman,0.000003,0.791865,0.975828,0.109977,0.01226,0.098158,0.011913,0.001455,0.88261,0.11739,0.065488,0.041994,0.052355,2815.000244,48548.81641,243.697525,1711119.5,0,366.353607,2161.924316,21.2785766,1.15999997,0,0.11,1.33899999,3,3,3,0.8815,1.0481,1.1982,1.24297,-0.0994,-0.0891,-0.1031,-0.0532,-0.7371,-0.8257,-1.1716,-1.1413,0.067,0.0508,0.0832,0.039,3.2861,0.0854,4.6185,-0.2101,0.1353,-0.1957,0.273442424,1925,5.800015436,0.614336484,1.215126515,0.695570795,3.685931648,1563.39726,896.3013699,148.7123288
S_Asia,PAK,Pakistan,0.000652,0.433915,0.542848,0.265621,0.222656,0.300464,0.234496,0.011038,0.974698,0.025302,0.223998,0.040441,0.321738,3530631.5,23665426,71960.82813,159413984,11370335,73287.5625,2976.985596,73.76710689,1.15999997,0,0.28,1.33899999,3,3,3,0.8815,1.0481,1.1982,1.24297,-0.0994,-0.0891,-0.1031,-0.0532,-0.7371,-0.8257,-1.1716,-1.1413,0.067,0.0508,0.0832,0.039,3.2861,0.0854,4.6185,-0.2101,0.1353,-0.1957,0.263490498,1728,10.80000748,1.230959799,2.207634102,1.382252126,5.319157159,628.4657534,385.0684932,105.0684932
CC_Amer,PAN,Panama,0.008658,0.648909,0.399399,0.230488,0.381051,0.120604,0.219549,0.000101,0.951997,0.048003,0.190624,0.002968,0.142767,40245.70313,66268.16406,838.414429,3408502.25,61947.90234,862.784058,2.631493,598.5941233,1.15999997,0,0.28,1.33899999,3,3,3,0.8815,1.0481,1.1982,1.24297,-0.0994,-0.0891,-0.1031,-0.0532,-0.7371,-0.8257,-1.1716,-1.1413,0.067,0.0508,0.0832,0.039,3.2861,0.0854,4.6185,-0.2101,0.1353,-0.1957,0.294606276,1782,6.100023704,0.69638174,1.468688316,1.52641271,1.714623104,1039.369863,415.5616438,451.5342466
S_Amer,PER,Peru,0.004474,0.608573,0.451108,0.163273,0.190105,0.228153,0.358787,0.003817,0.655929,0.344071,0.259771,0.05885,0.092213,398691.7188,2316688.75,6045.191895,22548174,2811001,14945.12305,3182.315674,260.9013791,1.15999997,0,0.56,1.33899999,3,3,3,0.8815,1.0481,1.1982,1.24297,-0.0994,-0.0891,-0.1031,-0.0532,-0.7371,-0.8257,-1.1716,-1.1413,0.067,0.0508,0.0832,0.039,3.2861,0.0854,4.6185,-0.2101,0.1353,-0.1957,0.261859112,1778,6.299989477,0.650003243,1.317467707,1.034515227,2.248388945,1346.383562,441.8356164,229.4520548
SE_Asia,PHL,Philippines,0.001296,0.156414,0.170393,0.336178,0.24503,0.507408,0.584576,0.00564,0.880256,0.119744,0.335594,0.021871,0.207572,2106573.5,5515144,13842.45801,15574252,45076156,196103.7031,9768.94043,825,1.15999997,0,0.28,1.33899999,3,3,3,0.8815,1.0481,1.1982,1.24297,-0.0994,-0.0891,-0.1031,-0.0532,-0.7371,-0.8257,-1.1716,-1.1413,0.067,0.0508,0.0832,0.039,3.2861,0.0854,4.6185,-0.2101,0.1353,-0.1957,0.265159351,1740,6.400002391,0.669533338,1.55871712,1.368234999,3.169659344,1184.794521,275.6986301,149.6438356
EU,POL,Poland,0.022732,0.54765,0.455625,0.243641,0.351785,0.20871,0.19259,0.008952,0.748847,0.251153,0.234113,0.046015,0.083137,1602508.75,8039791.5,62051.375,21957042,4211274,111262.5469,29611.87891,255.7525654,1.15999997,0,0.11,1.33899999,3,3,3,0.8815,1.0481,1.1982,1.24297,-0.0994,-0.0891,-0.1031,-0.0532,-0.7371,-0.8257,-1.1716,-1.1413,0.067,0.0508,0.0832,0.039,3.2861,0.0854,4.6185,-0.2101,0.1353,-0.1957,0.182044194,1927,0.099999609,0.004811016,1.187165167,1.257731087,1.992980884,1264.219178,779.2054795,480.6027397
CC_Amer,PRI,Puerto Rico,0.008658,0.085396,0.171405,0.274088,0.283657,0.640516,0.544938,0.000466,0.484739,0.515261,0.171409,0.041751,0.062614,2.8,177.058044,898.707336,855474.9375,2542.400146,2570.743652,0.195059,556.276268,1.15999997,0,0.28,1.33899999,3,3,3,0.8815,1.0481,1.1982,1.24297,-0.0994,-0.0891,-0.1031,-0.0532,-0.7371,-0.8257,-1.1716,-1.1413,0.067,0.0508,0.0832,0.039,3.2861,0.0854,4.6185,-0.2101,0.1353,-0.1957,0.328230394,1807,6.400001555,0.810518121,1.54026065,1.051788016,4.465658879,1588.821918,290.1643836,87.42465753
EU,PRT,Portugal,0.022732,0.344844,0.541169,0.217282,0.134835,0.437874,0.323995,0.006433,0.828985,0.171015,0.116652,0.021732,0.192184,68461.00781,618916.0625,5760.208984,6390672,447068.9375,17793.58984,3980.215332,186.4198258,1.15999997,0,0.11,1.33899999,3,3,3,0.8815,1.0481,1.1982,1.24297,-0.0994,-0.0891,-0.1031,-0.0532,-0.7371,-0.8257,-1.1716,-1.1413,0.067,0.0508,0.0832,0.039,3.2861,0.0854,4.6185,-0.2101,0.1353,-0.1957,0.184012794,1914,0.10000035,0.004860686,1.023656114,1.131601408,2.165675057,1465.506849,890.9863014,429.0410959
S_Amer,PRY,Paraguay,0.004474,0.558539,0.219051,0.265102,0.322239,0.176359,0.45871,0.000256,0.49391,0.50609,0.215574,0.023433,0.272951,1137622,766980.0625,30248.00977,28449250,548800.125,31370.9707,262.968719,451.8625359,1.15999997,0,0.56,1.33899999,3,3,3,0.8815,1.0481,1.1982,1.24297,-0.0994,-0.0891,-0.1031,-0.0532,-0.7371,-0.8257,-1.1716,-1.1413,0.067,0.0508,0.0832,0.039,3.2861,0.0854,4.6185,-0.2101,0.1353,-0.1957,0.258335594,1822,2.799989194,0.254472038,1.309589663,1.235842763,2.364280256,1327.041096,368.4657534,377.7534247
M_East,PSE,State of Palestine,0.000003,0.738259,0.817339,0.229298,0.152027,0.032443,0.030635,0.00002,0.958524,0.041476,0.077894,0.01963,0.147201,4445.400391,0.032929,0,285544.4375,0,0,0.004764,114.4133354,1.15999997,0,0.11,1.33899999,3,3,3,0.8815,1.0481,1.1982,1.24297,-0.0994,-0.0891,-0.1031,-0.0532,-0.7371,-0.8257,-1.1716,-1.1413,0.067,0.0508,0.0832,0.039,3.2861,0.0854,4.6185,-0.2101,0.1353,-0.1957,0.273968881,1847,6.000010419,0.639977846,0.961486605,0.981902685,3.183354281,1576.356164,494.9863014,293.5068493
M_East,QAT,Qatar,0.000003,0.795024,0.916645,0.034458,0.019048,0.170518,0.064307,0.001163,0.990678,0.009322,0.10509,0.012497,0.045315,55.799999,9285.55957,8.889059,526431.3125,0,20.312944,1957.39624,33.91666667,1.15999997,0,0.11,1.33899999,3,3,3,0.8815,1.0481,1.1982,1.24297,-0.0994,-0.0891,-0.1031,-0.0532,-0.7371,-0.8257,-1.1716,-1.1413,0.067,0.0508,0.0832,0.039,3.2861,0.0854,4.6185,-0.2101,0.1353,-0.1957,0.244250088,2050,4.300003206,0.393161562,1.891732582,0.942922644,4.647097513,872.2465753,526.2191781,229.4246575
E_Euro,ROU,Romania,0.000002,0.600066,0.428997,0.154251,0.340572,0.245683,0.230431,0.004688,0.704122,0.295878,0.253205,0.090033,0.191793,1750266.5,2464602.75,5844.037109,12017610,162753.0156,11678.00684,3201.193115,186.8491968,1.15999997,0,0.56,1.33899999,3,3,3,0.8815,1.0481,1.1982,1.24297,-0.0994,-0.0891,-0.1031,-0.0532,-0.7371,-0.8257,-1.1716,-1.1413,0.067,0.0508,0.0832,0.039,3.2861,0.0854,4.6185,-0.2101,0.1353,-0.1957,0.198955658,1911,0.099998299,0.005235721,1.099688299,1.095457726,1.890178582,1614.493151,916.1369863,436.8219178
E_Euro,RUS,Russian Federation,0.000002,0.40518,0.383679,0.270742,0.420644,0.324078,0.195677,0.02112,0.752565,0.247435,0.096197,0.07786,0.134618,10030110,9423419,52613.87891,69088032,10139167,88268.53125,165294.5313,121.7391998,1.15999997,0,0.56,1.33899999,3,3,3,0.8815,1.0481,1.1982,1.24297,-0.0994,-0.0891,-0.1031,-0.0532,-0.7371,-0.8257,-1.1716,-1.1413,0.067,0.0508,0.0832,0.039,3.2861,0.0854,4.6185,-0.2101,0.1353,-0.1957,0.1787349,1896,0.099998828,0.004727432,1.276662814,1.206067799,2.122222319,1211.150685,720.8493151,438.8493151
SSA,RWA,Rwanda,0.000685,0.8299,0.867662,0.066542,0.003549,0.103558,0.128789,0.00017,0.949741,0.050259,0.299628,0.013281,0.35803,123677.0078,47490.35156,902.054077,2983686.5,147629.9063,4640.257813,1.0431,189.7968096,1.15999997,0,0.56,1.33899999,3,3,3,0.8815,1.0481,1.1982,1.24297,-0.0994,-0.0891,-0.1031,-0.0532,-0.7371,-0.8257,-1.1716,-1.1413,0.067,0.0508,0.0832,0.039,3.2861,0.0854,4.6185,-0.2101,0.1353,-0.1957,0.367917465,1725,31.39998844,6.209517261,1.158472656,1.092442873,2.413496869,1607.890411,94.65753425,99.39726027
M_East,SAU,Saudi Arabia,0.000003,0.766811,0.98533,0.076001,0.004713,0.157188,0.009957,0.012816,0.945774,0.054226,0.090801,0.022848,0.043223,97568.01563,1207794.75,2408.747803,5174764,0,8189.619629,37442.91016,26.90028186,1.15999997,0,0.11,1.33899999,3,3,3,0.8815,1.0481,1.1982,1.24297,-0.0994,-0.0891,-0.1031,-0.0532,-0.7371,-0.8257,-1.1716,-1.1413,0.067,0.0508,0.0832,0.039,3.2861,0.0854,4.6185,-0.2101,0.1353,-0.1957,0.293965078,1868,4.499991228,0.490061613,1.777056251,1.145390187,5.083014569,1100.273973,389.8630137,159.1232877
SSA,SDN,Sudan,0.000685,0.899266,0.857573,0.056551,0.075403,0.044183,0.067024,0.002022,0.866476,0.133524,0.242239,0.009789,0.038425,671620.25,944795.625,16326.2793,100313400,108824.7188,34093.04297,2068.703369,102.9257404,1.15999997,0,0.56,1.33899999,3,3,3,0.8815,1.0481,1.1982,1.24297,-0.0994,-0.0891,-0.1031,-0.0532,-0.7371,-0.8257,-1.1716,-1.1413,0.067,0.0508,0.0832,0.039,3.2861,0.0854,4.6185,-0.2101,0.1353,-0.1957,0.298304825,1721,11.09999297,1.420714448,1.868660284,0.966513712,4.62652956,946.4109589,354.5753425,103.5068493
SSA,SEN,Senegal,0.000685,0.647174,0.710879,0.087495,0.068687,0.265331,0.220434,0.000906,0.817148,0.182852,0.289849,0.007073,0.127578,202698.625,302371.6875,1370.797241,9085604,599631.25,4067.14624,11.339259,173.2654827,1.15999997,0,0.56,1.33899999,3,3,3,0.8815,1.0481,1.1982,1.24297,-0.0994,-0.0891,-0.1031,-0.0532,-0.7371,-0.8257,-1.1716,-1.1413,0.067,0.0508,0.0832,0.039,3.2861,0.0854,4.6185,-0.2101,0.1353,-0.1957,0.254555103,1754,7.299988964,0.751923702,1.825205654,1.127537151,5.575627787,1040.273973,164.2465753,96.71232877
CC_Amer,SLV,El Salvador,0.008658,0.682429,0.554401,0.168826,0.132665,0.148745,0.312934,0.000886,0.857564,0.142436,0.175246,0.00826,0.118864,87480.30469,747962.125,995.932007,2114540.75,3511.200439,3792.573242,2.031288,405.3139168,1.15999997,0,0.28,1.33899999,3,3,3,0.8815,1.0481,1.1982,1.24297,-0.0994,-0.0891,-0.1031,-0.0532,-0.7371,-0.8257,-1.1716,-1.1413,0.067,0.0508,0.0832,0.039,3.2861,0.0854,4.6185,-0.2101,0.1353,-0.1957,0.277674949,1775,8.00000857,0.905207977,1.602074976,1.069181633,2.811523248,1026.958904,449.5342466,213.1232877
E_Euro,SRB,Serbia,0.000002,0.177972,0.380526,0.329087,0.013177,0.492941,0.606296,0.001025,0.721559,0.278441,0.073815,0.061463,0.204194,501408.75,1422750.625,62713.82813,4617714.5,450.500031,495255.2188,1685.510864,222.590894,1.15999997,0,0.56,1.33899999,3,3,3,0.8815,1.0481,1.1982,1.24297,-0.0994,-0.0891,-0.1031,-0.0532,-0.7371,-0.8257,-1.1716,-1.1413,0.067,0.0508,0.0832,0.039,3.2861,0.0854,4.6185,-0.2101,0.1353,-0.1957,0.168198419,1914,0.100000196,0.004460577,1.402424883,1.002647727,1.942047379,1387.315068,768.8493151,282.1917808
EU,SVK,Slovakia,0.022732,0.545429,0.686565,0.253552,0.145813,0.201019,0.167622,0.001636,0.488359,0.511641,0.207331,0.03068,0.114414,235194.1094,715174.9375,1215.377197,1545639.75,10043.5,2088.663574,5454.803711,246.9941276,1.15999997,0,0.11,1.33899999,3,3,3,0.8815,1.0481,1.1982,1.24297,-0.0994,-0.0891,-0.1031,-0.0532,-0.7371,-0.8257,-1.1716,-1.1413,0.067,0.0508,0.0832,0.039,3.2861,0.0854,4.6185,-0.2101,0.1353,-0.1957,0.208859863,1949,4.000014795,0.313317916,1.122396081,1.162529752,1.797479553,925.8356164,763.369863,525.5890411
E_Euro,SVN,Slovenia,0.000002,0.636674,0.81373,0.141806,0.148167,0.22152,0.038103,0.00158,0.524175,0.475825,0.20191,0.032195,0.132784,32522.60156,154629.4063,1636.467896,1508598.875,24141.5,1939.449097,1610.015015,256.9085781,1.15999997,0,0.56,1.33899999,3,3,3,0.8815,1.0481,1.1982,1.24297,-0.0994,-0.0891,-0.1031,-0.0532,-0.7371,-0.8257,-1.1716,-1.1413,0.067,0.0508,0.0832,0.039,3.2861,0.0854,4.6185,-0.2101,0.1353,-0.1957,0.160759412,1916,0.099999421,0.004271234,1.16650461,1.159221728,1.693472456,1368.493151,739.890411,434.4383562
EU,SWE,Sweden,0.022732,0.757152,0.525288,0.055896,0.223653,0.186952,0.251059,0.005536,0.736824,0.263176,0.152879,0.014493,0.063736,370193.125,1239427.25,26406.77734,5008942.5,1449232.125,47794.54688,8287.394531,263.1767036,1.15999997,0,0.11,1.33899999,3,3,3,0.8815,1.0481,1.1982,1.24297,-0.0994,-0.0891,-0.1031,-0.0532,-0.7371,-0.8257,-1.1716,-1.1413,0.067,0.0508,0.0832,0.039,3.2861,0.0854,4.6185,-0.2101,0.1353,-0.1957,0.157103757,1940,0.099999532,0.00417795,0.935269438,1.250242078,2.164955498,1257.205479,881.7808219,421.8630137
S_Afr,SWZ,Eswatini,0.000685,0.65568,0.177923,0.163868,0.182529,0.180452,0.639548,0.000138,0.9867,0.0133,0.124275,0.023902,0.529017,15358.20117,349.615173,393.572998,993895.375,554.400085,2445.028809,918.899902,156.2062319,1.15999997,0,0.28,1.33899999,3,3,3,0.8815,1.0481,1.1982,1.24297,-0.0994,-0.0891,-0.1031,-0.0532,-0.7371,-0.8257,-1.1716,-1.1413,0.067,0.0508,0.0832,0.039,3.2861,0.0854,4.6185,-0.2101,0.1353,-0.1957,0.259962003,1781,13.70001271,1.618567332,1.601229396,1.218512428,1.505492186,937.5342466,237.369863,436.8767123
M_East,SYR,Syria,0.000003,0.424863,0.705746,0.38912,0.275966,0.186017,0.018289,0.001399,0.933546,0.066454,0.03176,0.192304,0.498734,277054.625,169352.0469,0.173652,5052420.5,0,0.621554,17287.66602,66.1737271,1.15999997,0,0.11,1.33899999,3,3,3,0.8815,1.0481,1.1982,1.24297,-0.0994,-0.0891,-0.1031,-0.0532,-0.7371,-0.8257,-1.1716,-1.1413,0.067,0.0508,0.0832,0.039,3.2861,0.0854,4.6185,-0.2101,0.1353,-0.1957,0.349708888,1774,16.80000011,2.692478741,1.427979465,1.113578324,4.035315497,1080.273973,330.3561644,180.8219178
SSA,TCD,Chad,0.000685,0.472579,0.857089,0.419475,0.089779,0.107946,0.053131,0.000009,0.984813,0.015187,0.234523,0.014063,0.349373,242836.9219,389.118408,5461.686523,68674784,374416,3334.117188,8.958418,124.0453698,1.15999997,0,0.56,1.33899999,3,3,3,0.8815,1.0481,1.1982,1.24297,-0.0994,-0.0891,-0.1031,-0.0532,-0.7371,-0.8257,-1.1716,-1.1413,0.067,0.0508,0.0832,0.039,3.2861,0.0854,4.6185,-0.2101,0.1353,-0.1957,0.38812406,1694,26.00000195,5.078567381,2.534344084,1.550465002,4.106926589,703.4520548,220.6849315,53.47945205
SSA,TGO,Togo,0.000685,0.236751,0.709455,0.169324,0.060742,0.593924,0.229803,0.000147,0.78767,0.21233,0.222408,0.049845,0.253207,178594.6094,31670.8457,96.810532,2213928.75,26465.60352,449.221191,1.751662,612.1636882,1.15999997,0,0.56,1.33899999,3,3,3,0.8815,1.0481,1.1982,1.24297,-0.0994,-0.0891,-0.1031,-0.0532,-0.7371,-0.8257,-1.1716,-1.1413,0.067,0.0508,0.0832,0.039,3.2861,0.0854,4.6185,-0.2101,0.1353,-0.1957,0.314140119,1742,19.99999194,3.045501936,1.713057931,1.165564752,3.864129047,1097.041096,91.91780822,102.8767123
SE_Asia,THA,Thailand,0.001296,0.392528,0.134985,0.067135,0.299658,0.540337,0.565357,0.01338,0.871686,0.128314,0.257977,0.007093,0.293418,3312821.25,11458410,48757.52344,14511093,48037344,147115.2969,18264.12109,481.4771655,1.15999997,0,0.28,1.33899999,3,3,3,0.8815,1.0481,1.1982,1.24297,-0.0994,-0.0891,-0.1031,-0.0532,-0.7371,-0.8257,-1.1716,-1.1413,0.067,0.0508,0.0832,0.039,3.2861,0.0854,4.6185,-0.2101,0.1353,-0.1957,0.23776805,1885,6.800014818,0.650556815,1.536935112,1.191097284,2.721263561,1065.561644,272.5753425,294.5753425
C_Asia,TJK,Tajikistan,0.000838,0.828328,0.873205,0.079493,0.118669,0.092179,0.008126,0.000421,0.914086,0.085914,0.128048,0.127051,0.160232,105615.2109,89847.70313,3035.631592,6501848.5,77095.21094,6454.370117,535.624512,31.43822915,1.15999997,0,0.56,1.33899999,3,3,3,0.8815,1.0481,1.1982,1.24297,-0.0994,-0.0891,-0.1031,-0.0532,-0.7371,-0.8257,-1.1716,-1.1413,0.067,0.0508,0.0832,0.039,3.2861,0.0854,4.6185,-0.2101,0.1353,-0.1957,0.291229812,1770,12.29999425,1.57253623,1.225577392,1.096883785,4.802209269,1349.09589,389.5342466,105.8356164
S_Amer,TTO,Trinidad and Tobago,0.004474,0.082037,0.350693,0.367544,0.242653,0.550419,0.406654,0.000365,0.959061,0.040939,0.279876,0.012049,0.104153,666.100037,44756.38281,655.061646,243608.7031,5009.200195,2553.900879,1.722511,707.6666667,1.15999997,0,0.56,1.33899999,3,3,3,0.8815,1.0481,1.1982,1.24297,-0.0994,-0.0891,-0.1031,-0.0532,-0.7371,-0.8257,-1.1716,-1.1413,0.067,0.0508,0.0832,0.039,3.2861,0.0854,4.6185,-0.2101,0.1353,-0.1957,0.282582033,1877,11.99998835,1.486309707,1.311484593,0.699624278,2.683853255,1019.726027,722.8493151,327.7534247
N_Afr,TUN,Tunisia,0.000003,0.089306,0.194884,0.138973,0.236917,0.77172,0.568198,0.002958,0.855411,0.144589,0.081636,0.066872,0.393337,151083.5,469116.9375,198.620331,3952593.5,0,555.346863,5154.184082,130.7962041,1.15999997,0,0.11,1.33899999,3,3,3,0.8815,1.0481,1.1982,1.24297,-0.0994,-0.0891,-0.1031,-0.0532,-0.7371,-0.8257,-1.1716,-1.1413,0.067,0.0508,0.0832,0.039,3.2861,0.0854,4.6185,-0.2101,0.1353,-0.1957,0.292901902,1816,2.599998018,0.262533547,1.266236116,0.983504989,4.615350791,1655.232877,423.8082192,181.2054795
M_East,TUR,Turkey,0.000003,0.092881,0.573546,0.181936,0.226947,0.725184,0.199507,0.022863,0.844034,0.155966,0.101038,0.066075,0.250973,2618250,13702586,25487.19141,34004772,858598.6875,45105.09375,496177.4063,154.371163,1.15999997,0,0.11,1.33899999,3,3,3,0.8815,1.0481,1.1982,1.24297,-0.0994,-0.0891,-0.1031,-0.0532,-0.7371,-0.8257,-1.1716,-1.1413,0.067,0.0508,0.0832,0.039,3.2861,0.0854,4.6185,-0.2101,0.1353,-0.1957,0.217622005,1859,0.100000589,0.005700563,1.209152201,1.04752203,4.819793615,1813.972603,603.5068493,187.5068493
SSA,TZA,Tanzania,0.000685,0.651519,0.715557,0.015394,0.018442,0.333087,0.266001,0.000785,0.88205,0.11795,0.123943,0.022631,0.330298,1152280.375,676355.5,10193.12109,44538004,4923376.5,43604.99609,39581.36719,331.2012602,1.15999997,0,0.56,1.33899999,3,3,3,0.8815,1.0481,1.1982,1.24297,-0.0994,-0.0891,-0.1031,-0.0532,-0.7371,-0.8257,-1.1716,-1.1413,0.067,0.0508,0.0832,0.039,3.2861,0.0854,4.6185,-0.2101,0.1353,-0.1957,0.359958235,1671,21.79999916,3.812603501,1.561137316,1.224112926,2.026642211,1143.342466,127.1780822,206.8767123
SSA,UGA,Uganda,0.000685,0.427381,0.74988,0.078274,0.116354,0.494345,0.133766,0.000585,0.812621,0.187379,0.245334,0.002706,0.244263,345732.9063,43040.60938,8615.055664,25022950,378802.625,26303.62695,6.090721,311.1872725,1.15999997,0,0.56,1.33899999,3,3,3,0.8815,1.0481,1.1982,1.24297,-0.0994,-0.0891,-0.1031,-0.0532,-0.7371,-0.8257,-1.1716,-1.1413,0.067,0.0508,0.0832,0.039,3.2861,0.0854,4.6185,-0.2101,0.1353,-0.1957,0.364566289,1699,35.50001765,7.260743625,1.481231246,1.020322135,1.917842238,976.4657534,161.2328767,244.2739726
E_Euro,UKR,Ukraine,0.000002,0.446244,0.382462,0.144296,0.181888,0.40946,0.43565,0.002546,0.505313,0.494687,0.05967,0.021635,0.349869,4537492.5,8591680,4018.142334,15129241,3553021.75,14317.05762,35680.74609,119.9203154,1.15999997,0,0.56,1.33899999,3,3,3,0.8815,1.0481,1.1982,1.24297,-0.0994,-0.0891,-0.1031,-0.0532,-0.7371,-0.8257,-1.1716,-1.1413,0.067,0.0508,0.0832,0.039,3.2861,0.0854,4.6185,-0.2101,0.1353,-0.1957,0.145684686,1910,0.099998227,0.003885382,1.16754158,1.02226703,2.2003912,1448,616.630137,321.3424658
S_Amer,URY,Uruguay,0.004474,0.409116,0.470593,0.09703,0.280709,0.493853,0.248698,0.000648,0.461448,0.538552,0.160557,0.021547,0.126333,427290.5313,951409.3125,26042.04297,25817252,1301772.75,25098.30469,568.710754,36.78871673,1.15999997,0,0.56,1.33899999,3,3,3,0.8815,1.0481,1.1982,1.24297,-0.0994,-0.0891,-0.1031,-0.0532,-0.7371,-0.8257,-1.1716,-1.1413,0.067,0.0508,0.0832,0.039,3.2861,0.0854,4.6185,-0.2101,0.1353,-0.1957,0.169225846,1862,0.100000375,0.004486676,1.223816236,1.11152184,2.69772022,1165.726027,708.2739726,360.5205479
US,USA,United States of America,0.338842,0.615345,0.347541,0.051789,0.207852,0.332866,0.444606,0.089731,0.694081,0.305919,0.127873,0.014853,0.133206,30585248,76709040,346391.8438,273408352,13714833,635062.0625,415458.125,154.1848456,1.15999997,0,0.28,1.33899999,3,3,3,0.8815,1.0481,1.1982,1.24297,-0.0994,-0.0891,-0.1031,-0.0532,-0.7371,-0.8257,-1.1716,-1.1413,0.067,0.0508,0.0832,0.039,3.2861,0.0854,4.6185,-0.2101,0.1353,-0.1957,0.208070571,1957,0.100000829,0.005463327,0.991753351,0.986761689,2.83270612,1294.273973,1056.30137,521.7808219
C_Asia,UZB,Uzbekistan,0.000838,0.203804,0.855029,0.495615,0.121383,0.300581,0.023588,0.000931,0.934555,0.065445,0.20029,0.09394,0.121991,524162.25,4583603.5,6297.130371,30834278,438740.4688,11986.46191,850.783813,24.52601386,1.15999997,0,0.56,1.33899999,3,3,3,0.8815,1.0481,1.1982,1.24297,-0.0994,-0.0891,-0.1031,-0.0532,-0.7371,-0.8257,-1.1716,-1.1413,0.067,0.0508,0.0832,0.039,3.2861,0.0854,4.6185,-0.2101,0.1353,-0.1957,0.176787195,1836,0.099998537,0.004678183,1.051584712,0.966393262,4.370685084,1821.589041,808.8219178,119.7260274
S_Amer,VEN,Venezuela,0.004474,0.171045,0.565892,0.099623,0.145611,0.729332,0.288497,0.002127,0.990418,0.009582,0.183959,0.004749,0.115654,161568.9063,1598276.25,27949.80078,35772660,1241946.125,48543.58594,9207.111328,419.9762043,1.15999997,0,0.56,1.33899999,3,3,3,0.8815,1.0481,1.1982,1.24297,-0.0994,-0.0891,-0.1031,-0.0532,-0.7371,-0.8257,-1.1716,-1.1413,0.067,0.0508,0.0832,0.039,3.2861,0.0854,4.6185,-0.2101,0.1353,-0.1957,0.24656366,1817,23.00002434,2.93687172,1.39532855,0.836909337,3.718515391,835.0958904,358.6027397,210.3013699
SE_Asia,VNM,Viet Nam,0.001296,0.545782,0.461966,0.302478,0.335091,0.151739,0.202943,0.033492,0.840282,0.159718,0.151157,0.022633,0.49018,3200815.5,12602552,9383.5,24373070,38249256,44556.30469,14867.06934,438.3354929,1.15999997,0,0.28,1.33899999,3,3,3,0.8815,1.0481,1.1982,1.24297,-0.0994,-0.0891,-0.1031,-0.0532,-0.7371,-0.8257,-1.1716,-1.1413,0.067,0.0508,0.0832,0.039,3.2861,0.0854,4.6185,-0.2101,0.1353,-0.1957,0.290299438,1783,6.400012408,0.726492943,1.402685724,1.247862137,1.760585909,1512.684932,342.2465753,195.4246575
SSA,XAC,Rest of South and Central Africa,0.000685,0.702971,0.867536,0.205689,0.095165,0.09134,0.037299,0.000557,0.983456,0.016544,0.069151,0.068112,0.633027,466830.25,431457.8125,332.221954,35475324,97025.70313,3179.286621,5619.812012,451.0116446,1.15999997,0,0.56,1.33899999,3,3,3,0.8815,1.0481,1.1982,1.24297,-0.0994,-0.0891,-0.1031,-0.0532,-0.7371,-0.8257,-1.1716,-1.1413,0.067,0.0508,0.0832,0.039,3.2861,0.0854,4.6185,-0.2101,0.1353,-0.1957,0.320033002,1666,14.69998463,2.118741036,1.35170358,1.230397074,1.966379352,1295.69863,159.0958904,257.4520548
CC_Amer,XCA,Rest of Central America,0.008658,0.465673,0.223421,0.09407,0.153167,0.440257,0.623412,0.000035,0.746654,0.253346,0.152008,0.007783,0.315558,11430.40039,74916.85156,1295.351074,253398.875,6028.600098,4359.036133,0.212472,692.8761058,1.15999997,0,0.28,1.33899999,3,3,3,0.8815,1.0481,1.1982,1.24297,-0.0994,-0.0891,-0.1031,-0.0532,-0.7371,-0.8257,-1.1716,-1.1413,0.067,0.0508,0.0832,0.039,3.2861,0.0854,4.6185,-0.2101,0.1353,-0.1957,0.262802068,1765,6.000000384,0.616318535,1.189585771,1.352504742,2.659069531,1183.287671,355.890411,323.4794521
CC_Amer,XCB,Caribbean,0.008658,0.304476,0.337209,0.179142,0.294563,0.516382,0.368228,0.00257,0.994318,0.005682,0.149597,0.206177,0.320447,185180.4063,381037.25,17727.4375,14473901,1079268.625,38299.42188,2.691738,461.02468,1.15999997,0,0.28,1.33899999,3,3,3,0.8815,1.0481,1.1982,1.24297,-0.0994,-0.0891,-0.1031,-0.0532,-0.7371,-0.8257,-1.1716,-1.1413,0.067,0.0508,0.0832,0.039,3.2861,0.0854,4.6185,-0.2101,0.1353,-0.1957,0.294017622,1847.5,20.60000469,4.791651839,1.337324377,1.214915173,3.68511082,1406.90411,297.6575342,186.9315068
JPN_KR,XEA,Rest of East Asia,0.00059,0.838255,0.357503,0.050113,0.490792,0.111632,0.151705,0.000455,0.679165,0.320835,0.292893,0.036969,0.021341,388109.5,865722.5625,3076.168213,2466459,2393418.25,6854.407715,10.316786,259.7902415,1.15999997,0,0.11,1.33899999,3,3,3,0.8815,1.0481,1.1982,1.24297,-0.0994,-0.0891,-0.1031,-0.0532,-0.7371,-0.8257,-1.1716,-1.1413,0.067,0.0508,0.0832,0.039,3.2861,0.0854,4.6185,-0.2101,0.1353,-0.1957,0.297092271,1860,42.99999728,7.983841796,1.46700132,1.225436363,4.612652136,1158.246575,96.46575342,50.10958904
SSA,XEC,Rest of Eastern Africa,0.000685,0.476836,0.861422,0.094253,0.05867,0.428911,0.079908,0.000919,0.972797,0.027203,0.225138,0.042148,0.179647,147698.6094,89763.50781,2520.950439,31738552,209001.9063,13259.65234,494.297729,196.7390174,1.15999997,0,0.56,1.33899999,3,3,3,0.8815,1.0481,1.1982,1.24297,-0.0994,-0.0891,-0.1031,-0.0532,-0.7371,-0.8257,-1.1716,-1.1413,0.067,0.0508,0.0832,0.039,3.2861,0.0854,4.6185,-0.2101,0.1353,-0.1957,0.347913045,1747,25.54999099,4.710509812,1.507385989,1.065574033,2.657005604,1182.041096,142.3835616,142.0821918
E_Euro,XEE,Rest of Eastern Europe,0.000002,0.607204,0.656269,0.109912,0.114797,0.282884,0.228934,0.000282,0.473221,0.526779,0.06688,0.025577,0.182515,241144.5156,308171.3125,217.350174,1144363.25,30952.00195,614.408386,189.596939,168.0326115,1.15999997,0,0.56,1.33899999,3,3,3,0.8815,1.0481,1.1982,1.24297,-0.0994,-0.0891,-0.1031,-0.0532,-0.7371,-0.8257,-1.1716,-1.1413,0.067,0.0508,0.0832,0.039,3.2861,0.0854,4.6185,-0.2101,0.1353,-0.1957,0.185774799,1896,0.100000062,0.004905053,1.260504035,1.631451935,2.700309079,1315.232877,575.8082192,306.5205479
EU,XEF,Rest of EFTA,0.022732,0.183438,0.496931,0.361108,0.250958,0.455454,0.25211,0.000232,0.941723,0.058277,0.050607,0.036051,0.045896,556.500061,74168.03906,291.149689,593304.25,0,2024.271484,556.635132,282.3333333,1.15999997,0,0.11,1.33899999,3,3,3,0.8815,1.0481,1.1982,1.24297,-0.0994,-0.0891,-0.1031,-0.0532,-0.7371,-0.8257,-1.1716,-1.1413,0.067,0.0508,0.0832,0.039,3.2861,0.0854,4.6185,-0.2101,0.1353,-0.1957,0.178284057,1953,0.100000862,0.004716143,0.876391241,1.208203771,1.590849843,1342.958904,1167.863014,537.1506849
EU,XER,Rest of Europe,0.022732,0.34222,0.394622,0.163483,0.09324,0.494297,0.512137,0.001455,0.876244,0.123756,0.087611,0.023132,0.211077,121166.8047,651992.625,6296.707031,3944089.5,45118.60547,33365.64063,1122.948486,268.947151,1.15999997,0,0.11,1.33899999,3,3,3,0.8815,1.0481,1.1982,1.24297,-0.0994,-0.0891,-0.1031,-0.0532,-0.7371,-0.8257,-1.1716,-1.1413,0.067,0.0508,0.0832,0.039,3.2861,0.0854,4.6185,-0.2101,0.1353,-0.1957,0.192163951,1916.666667,1.09999929,0.086976294,1.065950389,0.972711841,1.995460845,1562.191781,835.9269406,442.7853881
N_Afr,XNF,Rest of North Africa,0.000003,0.482247,0.858515,0.369193,0.133517,0.148559,0.007967,0.001412,0.998155,0.001845,0.080451,0.060488,0.229657,29747.30273,175106.875,545.301514,2838659,0,4596.01123,537.063782,128.0823332,1.15999997,0,0.11,1.33899999,3,3,3,0.8815,1.0481,1.1982,1.24297,-0.0994,-0.0891,-0.1031,-0.0532,-0.7371,-0.8257,-1.1716,-1.1413,0.067,0.0508,0.0832,0.039,3.2861,0.0854,4.6185,-0.2101,0.1353,-0.1957,0.335024656,1831,6.900001842,0.900447699,1.250788351,1.031860327,4.502342517,1424.931507,488.7945205,199.1506849
AUS_NZ,XOC,Rest of Oceania,0.033264,0.430963,0.562561,0.094675,0.0655,0.474362,0.371938,0.000768,0.422435,0.577565,0.117473,0.016661,0.045429,6144.100586,182099.7344,1827.975342,2764235.75,1007723.313,6604.925781,2249.531738,678.0249282,1.15999997,0,0.56,1.33899999,3,3,3,0.8815,1.0481,1.1982,1.24297,-0.0994,-0.0891,-0.1031,-0.0532,-0.7371,-0.8257,-1.1716,-1.1413,0.067,0.0508,0.0832,0.039,3.2861,0.0854,4.6185,-0.2101,0.1353,-0.1957,0.285918264,1735,15.50001168,2.132249055,1.127768665,1.210962208,2.51019171,1513.69863,263.9863014,224.2465753
S_Asia,XSA,Rest of South Asia,0.000652,0.593965,0.562068,0.071965,0.178416,0.33407,0.259517,0.000184,0.989393,0.010607,0.209754,0.058953,0.156326,14842.80176,8244.913086,1008.18396,477657.25,68317.20313,4215.213379,15.486254,357.2584361,1.15999997,0,0.28,1.33899999,3,3,3,0.8815,1.0481,1.1982,1.24297,-0.0994,-0.0891,-0.1031,-0.0532,-0.7371,-0.8257,-1.1716,-1.1413,0.067,0.0508,0.0832,0.039,3.2861,0.0854,4.6185,-0.2101,0.1353,-0.1957,0.268344773,1741,4.799992692,0.485845198,1.369058795,1.498422932,4.998332081,1609.452055,158.3561644,76.10958904
S_Afr,XSC,Rest of South African Customs Union,0.000685,0.779373,0.398309,0.135566,0.195571,0.085061,0.40612,0.000198,0.978512,0.021488,0.138129,0.036783,0.37757,32808.89844,73.644363,136.97699,1442221.25,0,463.619354,231.699463,48.52738373,1.15999997,0,0.28,1.33899999,3,3,3,0.8815,1.0481,1.1982,1.24297,-0.0994,-0.0891,-0.1031,-0.0532,-0.7371,-0.8257,-1.1716,-1.1413,0.067,0.0508,0.0832,0.039,3.2861,0.0854,4.6185,-0.2101,0.1353,-0.1957,0.28665415,1774,31.60000543,5.069095012,1.996417947,0.85023769,1.436631244,761.6438356,340.109589,216.2465753
SE_Asia,XSE,Rest of Southeast Asia,0.001296,0.527686,0.381452,0.220052,0.265672,0.252262,0.352876,0.001163,0.960334,0.039666,0.187912,0.049299,0.612263,2494120.75,2229053.25,9632.083008,53474784,31058922,42101.58594,846.105103,501.0966815,1.15999997,0,0.28,1.33899999,3,3,3,0.8815,1.0481,1.1982,1.24297,-0.0994,-0.0891,-0.1031,-0.0532,-0.7371,-0.8257,-1.1716,-1.1413,0.067,0.0508,0.0832,0.039,3.2861,0.0854,4.6185,-0.2101,0.1353,-0.1957,0.271121314,1752,14.60001156,2.303035659,1.697312479,1.045205439,3.133508113,1022.342466,333.4931507,127.5342466
S_Amer,XSM,Rest of South America,0.004474,0.499127,0.184702,0.293727,0.248291,0.207146,0.567006,0.000137,0.742294,0.257706,0.168037,0.040295,0.134866,74324.50781,142659.0625,1795.521606,1651704.375,1893407.125,5588.75,226.864548,660.2763035,1.15999997,0,0.56,1.33899999,3,3,3,0.8815,1.0481,1.1982,1.24297,-0.0994,-0.0891,-0.1031,-0.0532,-0.7371,-0.8257,-1.1716,-1.1413,0.067,0.0508,0.0832,0.039,3.2861,0.0854,4.6185,-0.2101,0.1353,-0.1957,0.256257824,1820.5,6.500000361,0.66826787,1.103072215,0.71308574,2.218091457,1672.205479,571.5479452,303.9178082
E_Euro,XSU,Rest of Former Soviet Union,0.000002,0.405066,0.887691,0.488376,0.084915,0.106558,0.027394,0.000314,0.561269,0.438731,0.101255,0.052612,0.114783,149490.7969,2791523,282.606964,8712918,916974.875,283.045807,28.517221,9.405471108,1.15999997,0,0.56,1.33899999,3,3,3,0.8815,1.0481,1.1982,1.24297,-0.0994,-0.0891,-0.1031,-0.0532,-0.7371,-0.8257,-1.1716,-1.1413,0.067,0.0508,0.0832,0.039,3.2861,0.0854,4.6185,-0.2101,0.1353,-0.1957,0.248611372,1786,5.599990501,0.541087153,1.34485083,1.068927966,3.288587796,1278.410959,648.7123288,97.89041096
SSA,XWF,Rest of Western Africa,0.000685,0.570259,0.868463,0.050976,0.031267,0.378765,0.10027,0.000605,0.885978,0.114022,0.270894,0.0333,0.157384,291687.625,2697.462646,3299.20459,13633928,2649714.25,12403.16699,24.470499,303.674217,1.15999997,0,0.56,1.33899999,3,3,3,0.8815,1.0481,1.1982,1.24297,-0.0994,-0.0891,-0.1031,-0.0532,-0.7371,-0.8257,-1.1716,-1.1413,0.067,0.0508,0.0832,0.039,3.2861,0.0854,4.6185,-0.2101,0.1353,-0.1957,0.331780254,1729.2,23.65999573,4.228462287,1.893582163,1.072103735,4.087283236,911.2164384,210.0438356,146.3178082
C_Asia,XWS,Rest of Western Asia,0.000838,0.173052,0.728066,0.545268,0.255069,0.281681,0.016864,0.00207,0.97682,0.02318,0.035304,0.214672,0.526839,44065,80180.72656,173.317978,7882189,0,576.803406,14911.83203,30.04890989,1.15999997,0,0.56,1.33899999,3,3,3,0.8815,1.0481,1.1982,1.24297,-0.0994,-0.0891,-0.1031,-0.0532,-0.7371,-0.8257,-1.1716,-1.1413,0.067,0.0508,0.0832,0.039,3.2861,0.0854,4.6185,-0.2101,0.1353,-0.1957,0.395616701,1695,42.89999894,10.07459982,2.218344817,0.829389484,4.410629384,624.6027397,136.6575342,106.2191781
S_Afr,ZAF,South Africa,0.000685,0.215742,0.231541,0.213541,0.196968,0.570717,0.571491,0.002433,0.53634,0.46366,0.090204,0.030861,0.1219,1224498.875,3149545.25,10091.17871,25198302,27167.5,40454.8125,7147.931152,110.1445922,1.15999997,0,0.28,1.33899999,3,3,3,0.8815,1.0481,1.1982,1.24297,-0.0994,-0.0891,-0.1031,-0.0532,-0.7371,-0.8257,-1.1716,-1.1413,0.067,0.0508,0.0832,0.039,3.2861,0.0854,4.6185,-0.2101,0.1353,-0.1957,0.255819343,1827,5.699993197,0.566822035,1.990873125,1.201710692,2.48076121,776.1643836,364.0821918,340.8767123
SSA,ZMB,Zambia,0.000685,0.278223,0.463773,0.153476,0.029808,0.568301,0.506419,0.00014,0.886258,0.113742,0.07812,0.021789,0.221315,358485.4375,1235521.25,3254.050049,6609829.5,331554.4063,16106.55664,22986.27148,384.721698,1.15999997,0,0.56,1.33899999,3,3,3,0.8815,1.0481,1.1982,1.24297,-0.0994,-0.0891,-0.1031,-0.0532,-0.7371,-0.8257,-1.1716,-1.1413,0.067,0.0508,0.0832,0.039,3.2861,0.0854,4.6185,-0.2101,0.1353,-0.1957,0.372186809,1700,29.39998147,5.750036914,2.052321251,1.272803992,2.13195929,843.1232877,130.630137,155.8630137
SSA,ZWE,Zimbabwe,0.000685,0.597397,0.292845,0.086847,0.184482,0.315756,0.522673,0.00065,0.959109,0.040891,0.130542,0.009328,0.731481,215751.6094,369841.5313,137.695114,9001808,7946.400879,2859.702393,2422.451904,206.3442869,1.15999997,0,0.56,1.33899999,3,3,3,0.8815,1.0481,1.1982,1.24297,-0.0994,-0.0891,-0.1031,-0.0532,-0.7371,-0.8257,-1.1716,-1.1413,0.067,0.0508,0.0832,0.039,3.2861,0.0854,4.6185,-0.2101,0.1353,-0.1957,0.3495567,1736,36.29999295,7.227588424,2.406208815,1.572500667,2.859069858,503.8630137,227.3424658,180.4657534
